id,title,authors,year,abstract,doi,url
PUB-20261000,A Review of Modern Electrical Engineering Architectures and Neural Advancements,Sarah Jenkins; Michael Chen; David Miller,2025,"This paper presents a comprehensive review of recent developments in Electrical Engineering. We analyze current benchmarks, discuss state-of-the-art neural architectures, and outline open challenges for future studies.",10.1109/electricalengineering.2025.101,https://ieeexplore.ieee.org/document/8800000
PUB-20261001,A Review of Modern Mechanical Engineering Architectures and Neural Advancements,Sarah Jenkins; Michael Chen; David Miller,2025,"This paper presents a comprehensive review of recent developments in Mechanical Engineering. We analyze current benchmarks, discuss state-of-the-art neural architectures, and outline open challenges for future studies.",10.1109/mechanicalengineering.2025.101,https://ieeexplore.ieee.org/document/8800001
PUB-20261002,A Review of Modern Computer Vision Architectures and Neural Advancements,Sarah Jenkins; Michael Chen; David Miller,2025,"This paper presents a comprehensive review of recent developments in Computer Vision. We analyze current benchmarks, discuss state-of-the-art neural architectures, and outline open challenges for future studies.",10.1109/computervision.2025.101,https://ieeexplore.ieee.org/document/8800002
PUB-20261003,A Review of Modern Natural Language Processing Architectures and Neural Advancements,Sarah Jenkins; Michael Chen; David Miller,2025,"This paper presents a comprehensive review of recent developments in Natural Language Processing. We analyze current benchmarks, discuss state-of-the-art neural architectures, and outline open challenges for future studies.",10.1109/naturallanguageprocessing.2025.101,https://ieeexplore.ieee.org/document/8800003
PUB-20261004,A Review of Modern Deep Learning Architectures and Neural Advancements,Sarah Jenkins; Michael Chen; David Miller,2025,"This paper presents a comprehensive review of recent developments in Deep Learning. We analyze current benchmarks, discuss state-of-the-art neural architectures, and outline open challenges for future studies.",10.1109/deeplearning.2025.101,https://ieeexplore.ieee.org/document/8800004
PUB-20261005,A Review of Modern Cyber Security Architectures and Neural Advancements,Sarah Jenkins; Michael Chen; David Miller,2025,"This paper presents a comprehensive review of recent developments in Cyber Security. We analyze current benchmarks, discuss state-of-the-art neural architectures, and outline open challenges for future studies.",10.1109/cybersecurity.2025.101,https://ieeexplore.ieee.org/document/8800005
PUB-20261006,A Review of Modern Chemistry Architectures and Neural Advancements,Sarah Jenkins; Michael Chen; David Miller,2025,"This paper presents a comprehensive review of recent developments in Chemistry. We analyze current benchmarks, discuss state-of-the-art neural architectures, and outline open challenges for future studies.",10.1109/chemistry.2025.101,https://ieeexplore.ieee.org/document/8800006
PUB-20261007,A Review of Modern Biotechnology Architectures and Neural Advancements,Sarah Jenkins; Michael Chen; David Miller,2025,"This paper presents a comprehensive review of recent developments in Biotechnology. We analyze current benchmarks, discuss state-of-the-art neural architectures, and outline open challenges for future studies.",10.1109/biotechnology.2025.101,https://ieeexplore.ieee.org/document/8800007
PUB-20261008,A Review of Modern Mathematics Architectures and Neural Advancements,Sarah Jenkins; Michael Chen; David Miller,2025,"This paper presents a comprehensive review of recent developments in Mathematics. We analyze current benchmarks, discuss state-of-the-art neural architectures, and outline open challenges for future studies.",10.1109/mathematics.2025.101,https://ieeexplore.ieee.org/document/8800008
PUB-20261009,A Review of Modern Healthcare Architectures and Neural Advancements,Sarah Jenkins; Michael Chen; David Miller,2025,"This paper presents a comprehensive review of recent developments in Healthcare. We analyze current benchmarks, discuss state-of-the-art neural architectures, and outline open challenges for future studies.",10.1109/healthcare.2025.101,https://ieeexplore.ieee.org/document/8800009
PUB-20261010,A Review of Modern Software Engineering Architectures and Neural Advancements,Sarah Jenkins; Michael Chen; David Miller,2025,"This paper presents a comprehensive review of recent developments in Software Engineering. We analyze current benchmarks, discuss state-of-the-art neural architectures, and outline open challenges for future studies.",10.1109/softwareengineering.2025.101,https://ieeexplore.ieee.org/document/8800010
PUB-20261011,A Review of Modern Robotics Architectures and Neural Advancements,Sarah Jenkins; Michael Chen; David Miller,2025,"This paper presents a comprehensive review of recent developments in Robotics. We analyze current benchmarks, discuss state-of-the-art neural architectures, and outline open challenges for future studies.",10.1109/robotics.2025.101,https://ieeexplore.ieee.org/document/8800011
PUB-20261012,A Review of Modern Quantum Computing Architectures and Neural Advancements,Sarah Jenkins; Michael Chen; David Miller,2025,"This paper presents a comprehensive review of recent developments in Quantum Computing. We analyze current benchmarks, discuss state-of-the-art neural architectures, and outline open challenges for future studies.",10.1109/quantumcomputing.2025.101,https://ieeexplore.ieee.org/document/8800012
PUB-20261013,A Review of Modern Data Science Architectures and Neural Advancements,Sarah Jenkins; Michael Chen; David Miller,2025,"This paper presents a comprehensive review of recent developments in Data Science. We analyze current benchmarks, discuss state-of-the-art neural architectures, and outline open challenges for future studies.",10.1109/datascience.2025.101,https://ieeexplore.ieee.org/document/8800013
PUB-20261014,A Review of Modern Renewable Energy Architectures and Neural Advancements,Sarah Jenkins; Michael Chen; David Miller,2025,"This paper presents a comprehensive review of recent developments in Renewable Energy. We analyze current benchmarks, discuss state-of-the-art neural architectures, and outline open challenges for future studies.",10.1109/renewableenergy.2025.101,https://ieeexplore.ieee.org/document/8800014
PUB-20261015,A Review of Modern Physics Architectures and Neural Advancements,Sarah Jenkins; Michael Chen; David Miller,2025,"This paper presents a comprehensive review of recent developments in Physics. We analyze current benchmarks, discuss state-of-the-art neural architectures, and outline open challenges for future studies.",10.1109/physics.2025.101,https://ieeexplore.ieee.org/document/8800015
PUB-20261016,A Review of Modern Medical Diagnostics Architectures and Neural Advancements,Sarah Jenkins; Michael Chen; David Miller,2025,"This paper presents a comprehensive review of recent developments in Medical Diagnostics. We analyze current benchmarks, discuss state-of-the-art neural architectures, and outline open challenges for future studies.",10.1109/medicaldiagnostics.2025.101,https://ieeexplore.ieee.org/document/8800016
PUB-20261017,A Review of Modern Electrical Engineering Architectures and Neural Advancements,Sarah Jenkins; Michael Chen; David Miller,2025,"This paper presents a comprehensive review of recent developments in Electrical Engineering. We analyze current benchmarks, discuss state-of-the-art neural architectures, and outline open challenges for future studies.",10.1109/electricalengineering.2025.101,https://ieeexplore.ieee.org/document/8800017
PUB-20261018,A Review of Modern Mechanical Engineering Architectures and Neural Advancements,Sarah Jenkins; Michael Chen; David Miller,2025,"This paper presents a comprehensive review of recent developments in Mechanical Engineering. We analyze current benchmarks, discuss state-of-the-art neural architectures, and outline open challenges for future studies.",10.1109/mechanicalengineering.2025.101,https://ieeexplore.ieee.org/document/8800018
PUB-20261019,A Review of Modern Computer Vision Architectures and Neural Advancements,Sarah Jenkins; Michael Chen; David Miller,2025,"This paper presents a comprehensive review of recent developments in Computer Vision. We analyze current benchmarks, discuss state-of-the-art neural architectures, and outline open challenges for future studies.",10.1109/computervision.2025.101,https://ieeexplore.ieee.org/document/8800019
PUB-20261020,A Review of Modern Natural Language Processing Architectures and Neural Advancements,Sarah Jenkins; Michael Chen; David Miller,2025,"This paper presents a comprehensive review of recent developments in Natural Language Processing. We analyze current benchmarks, discuss state-of-the-art neural architectures, and outline open challenges for future studies.",10.1109/naturallanguageprocessing.2025.101,https://ieeexplore.ieee.org/document/8800020
PUB-20261021,A Review of Modern Deep Learning Architectures and Neural Advancements,Sarah Jenkins; Michael Chen; David Miller,2025,"This paper presents a comprehensive review of recent developments in Deep Learning. We analyze current benchmarks, discuss state-of-the-art neural architectures, and outline open challenges for future studies.",10.1109/deeplearning.2025.101,https://ieeexplore.ieee.org/document/8800021
PUB-20261022,A Review of Modern Cyber Security Architectures and Neural Advancements,Sarah Jenkins; Michael Chen; David Miller,2025,"This paper presents a comprehensive review of recent developments in Cyber Security. We analyze current benchmarks, discuss state-of-the-art neural architectures, and outline open challenges for future studies.",10.1109/cybersecurity.2025.101,https://ieeexplore.ieee.org/document/8800022
PUB-20261023,A Review of Modern Chemistry Architectures and Neural Advancements,Sarah Jenkins; Michael Chen; David Miller,2025,"This paper presents a comprehensive review of recent developments in Chemistry. We analyze current benchmarks, discuss state-of-the-art neural architectures, and outline open challenges for future studies.",10.1109/chemistry.2025.101,https://ieeexplore.ieee.org/document/8800023
PUB-20261024,A Review of Modern Biotechnology Architectures and Neural Advancements,Sarah Jenkins; Michael Chen; David Miller,2025,"This paper presents a comprehensive review of recent developments in Biotechnology. We analyze current benchmarks, discuss state-of-the-art neural architectures, and outline open challenges for future studies.",10.1109/biotechnology.2025.101,https://ieeexplore.ieee.org/document/8800024
PUB-20261025,A Review of Modern Mathematics Architectures and Neural Advancements,Sarah Jenkins; Michael Chen; David Miller,2025,"This paper presents a comprehensive review of recent developments in Mathematics. We analyze current benchmarks, discuss state-of-the-art neural architectures, and outline open challenges for future studies.",10.1109/mathematics.2025.101,https://ieeexplore.ieee.org/document/8800025
PUB-20261026,A Review of Modern Healthcare Architectures and Neural Advancements,Sarah Jenkins; Michael Chen; David Miller,2025,"This paper presents a comprehensive review of recent developments in Healthcare. We analyze current benchmarks, discuss state-of-the-art neural architectures, and outline open challenges for future studies.",10.1109/healthcare.2025.101,https://ieeexplore.ieee.org/document/8800026
PUB-20261027,A Review of Modern Software Engineering Architectures and Neural Advancements,Sarah Jenkins; Michael Chen; David Miller,2025,"This paper presents a comprehensive review of recent developments in Software Engineering. We analyze current benchmarks, discuss state-of-the-art neural architectures, and outline open challenges for future studies.",10.1109/softwareengineering.2025.101,https://ieeexplore.ieee.org/document/8800027
PUB-20261028,A Review of Modern Robotics Architectures and Neural Advancements,Sarah Jenkins; Michael Chen; David Miller,2025,"This paper presents a comprehensive review of recent developments in Robotics. We analyze current benchmarks, discuss state-of-the-art neural architectures, and outline open challenges for future studies.",10.1109/robotics.2025.101,https://ieeexplore.ieee.org/document/8800028
PUB-20261029,A Review of Modern Quantum Computing Architectures and Neural Advancements,Sarah Jenkins; Michael Chen; David Miller,2025,"This paper presents a comprehensive review of recent developments in Quantum Computing. We analyze current benchmarks, discuss state-of-the-art neural architectures, and outline open challenges for future studies.",10.1109/quantumcomputing.2025.101,https://ieeexplore.ieee.org/document/8800029
PUB-20261030,A Review of Modern Data Science Architectures and Neural Advancements,Sarah Jenkins; Michael Chen; David Miller,2025,"This paper presents a comprehensive review of recent developments in Data Science. We analyze current benchmarks, discuss state-of-the-art neural architectures, and outline open challenges for future studies.",10.1109/datascience.2025.101,https://ieeexplore.ieee.org/document/8800030
PUB-20261031,A Review of Modern Renewable Energy Architectures and Neural Advancements,Sarah Jenkins; Michael Chen; David Miller,2025,"This paper presents a comprehensive review of recent developments in Renewable Energy. We analyze current benchmarks, discuss state-of-the-art neural architectures, and outline open challenges for future studies.",10.1109/renewableenergy.2025.101,https://ieeexplore.ieee.org/document/8800031
PUB-20261032,A Review of Modern Physics Architectures and Neural Advancements,Sarah Jenkins; Michael Chen; David Miller,2025,"This paper presents a comprehensive review of recent developments in Physics. We analyze current benchmarks, discuss state-of-the-art neural architectures, and outline open challenges for future studies.",10.1109/physics.2025.101,https://ieeexplore.ieee.org/document/8800032
PUB-20261033,A Review of Modern Medical Diagnostics Architectures and Neural Advancements,Sarah Jenkins; Michael Chen; David Miller,2025,"This paper presents a comprehensive review of recent developments in Medical Diagnostics. We analyze current benchmarks, discuss state-of-the-art neural architectures, and outline open challenges for future studies.",10.1109/medicaldiagnostics.2025.101,https://ieeexplore.ieee.org/document/8800033
PUB-20261034,A Review of Modern Electrical Engineering Architectures and Neural Advancements,Sarah Jenkins; Michael Chen; David Miller,2025,"This paper presents a comprehensive review of recent developments in Electrical Engineering. We analyze current benchmarks, discuss state-of-the-art neural architectures, and outline open challenges for future studies.",10.1109/electricalengineering.2025.101,https://ieeexplore.ieee.org/document/8800034
PUB-20261035,A Review of Modern Mechanical Engineering Architectures and Neural Advancements,Sarah Jenkins; Michael Chen; David Miller,2025,"This paper presents a comprehensive review of recent developments in Mechanical Engineering. We analyze current benchmarks, discuss state-of-the-art neural architectures, and outline open challenges for future studies.",10.1109/mechanicalengineering.2025.101,https://ieeexplore.ieee.org/document/8800035
PUB-20261036,A Review of Modern Computer Vision Architectures and Neural Advancements,Sarah Jenkins; Michael Chen; David Miller,2025,"This paper presents a comprehensive review of recent developments in Computer Vision. We analyze current benchmarks, discuss state-of-the-art neural architectures, and outline open challenges for future studies.",10.1109/computervision.2025.101,https://ieeexplore.ieee.org/document/8800036
PUB-20261037,A Review of Modern Natural Language Processing Architectures and Neural Advancements,Sarah Jenkins; Michael Chen; David Miller,2025,"This paper presents a comprehensive review of recent developments in Natural Language Processing. We analyze current benchmarks, discuss state-of-the-art neural architectures, and outline open challenges for future studies.",10.1109/naturallanguageprocessing.2025.101,https://ieeexplore.ieee.org/document/8800037
PUB-20261038,A Review of Modern Deep Learning Architectures and Neural Advancements,Sarah Jenkins; Michael Chen; David Miller,2025,"This paper presents a comprehensive review of recent developments in Deep Learning. We analyze current benchmarks, discuss state-of-the-art neural architectures, and outline open challenges for future studies.",10.1109/deeplearning.2025.101,https://ieeexplore.ieee.org/document/8800038
PUB-20261039,A Review of Modern Cyber Security Architectures and Neural Advancements,Sarah Jenkins; Michael Chen; David Miller,2025,"This paper presents a comprehensive review of recent developments in Cyber Security. We analyze current benchmarks, discuss state-of-the-art neural architectures, and outline open challenges for future studies.",10.1109/cybersecurity.2025.101,https://ieeexplore.ieee.org/document/8800039
PUB-20261040,A Review of Modern Chemistry Architectures and Neural Advancements,Sarah Jenkins; Michael Chen; David Miller,2025,"This paper presents a comprehensive review of recent developments in Chemistry. We analyze current benchmarks, discuss state-of-the-art neural architectures, and outline open challenges for future studies.",10.1109/chemistry.2025.101,https://ieeexplore.ieee.org/document/8800040
PUB-20261041,A Review of Modern Biotechnology Architectures and Neural Advancements,Sarah Jenkins; Michael Chen; David Miller,2025,"This paper presents a comprehensive review of recent developments in Biotechnology. We analyze current benchmarks, discuss state-of-the-art neural architectures, and outline open challenges for future studies.",10.1109/biotechnology.2025.101,https://ieeexplore.ieee.org/document/8800041
PUB-20261042,A Review of Modern Mathematics Architectures and Neural Advancements,Sarah Jenkins; Michael Chen; David Miller,2025,"This paper presents a comprehensive review of recent developments in Mathematics. We analyze current benchmarks, discuss state-of-the-art neural architectures, and outline open challenges for future studies.",10.1109/mathematics.2025.101,https://ieeexplore.ieee.org/document/8800042
PUB-20261043,A Review of Modern Healthcare Architectures and Neural Advancements,Sarah Jenkins; Michael Chen; David Miller,2025,"This paper presents a comprehensive review of recent developments in Healthcare. We analyze current benchmarks, discuss state-of-the-art neural architectures, and outline open challenges for future studies.",10.1109/healthcare.2025.101,https://ieeexplore.ieee.org/document/8800043
PUB-20261044,A Review of Modern Software Engineering Architectures and Neural Advancements,Sarah Jenkins; Michael Chen; David Miller,2025,"This paper presents a comprehensive review of recent developments in Software Engineering. We analyze current benchmarks, discuss state-of-the-art neural architectures, and outline open challenges for future studies.",10.1109/softwareengineering.2025.101,https://ieeexplore.ieee.org/document/8800044
PUB-20261045,A Review of Modern Robotics Architectures and Neural Advancements,Sarah Jenkins; Michael Chen; David Miller,2025,"This paper presents a comprehensive review of recent developments in Robotics. We analyze current benchmarks, discuss state-of-the-art neural architectures, and outline open challenges for future studies.",10.1109/robotics.2025.101,https://ieeexplore.ieee.org/document/8800045
PUB-20261046,A Review of Modern Quantum Computing Architectures and Neural Advancements,Sarah Jenkins; Michael Chen; David Miller,2025,"This paper presents a comprehensive review of recent developments in Quantum Computing. We analyze current benchmarks, discuss state-of-the-art neural architectures, and outline open challenges for future studies.",10.1109/quantumcomputing.2025.101,https://ieeexplore.ieee.org/document/8800046
PUB-20261047,A Review of Modern Data Science Architectures and Neural Advancements,Sarah Jenkins; Michael Chen; David Miller,2025,"This paper presents a comprehensive review of recent developments in Data Science. We analyze current benchmarks, discuss state-of-the-art neural architectures, and outline open challenges for future studies.",10.1109/datascience.2025.101,https://ieeexplore.ieee.org/document/8800047
PUB-20261048,A Review of Modern Renewable Energy Architectures and Neural Advancements,Sarah Jenkins; Michael Chen; David Miller,2025,"This paper presents a comprehensive review of recent developments in Renewable Energy. We analyze current benchmarks, discuss state-of-the-art neural architectures, and outline open challenges for future studies.",10.1109/renewableenergy.2025.101,https://ieeexplore.ieee.org/document/8800048
PUB-20261049,A Review of Modern Physics Architectures and Neural Advancements,Sarah Jenkins; Michael Chen; David Miller,2025,"This paper presents a comprehensive review of recent developments in Physics. We analyze current benchmarks, discuss state-of-the-art neural architectures, and outline open challenges for future studies.",10.1109/physics.2025.101,https://ieeexplore.ieee.org/document/8800049
PUB-20261050,A Review of Modern Medical Diagnostics Architectures and Neural Advancements,Sarah Jenkins; Michael Chen; David Miller,2025,"This paper presents a comprehensive review of recent developments in Medical Diagnostics. We analyze current benchmarks, discuss state-of-the-art neural architectures, and outline open challenges for future studies.",10.1109/medicaldiagnostics.2025.101,https://ieeexplore.ieee.org/document/8800050
PUB-20261051,A Review of Modern Electrical Engineering Architectures and Neural Advancements,Sarah Jenkins; Michael Chen; David Miller,2025,"This paper presents a comprehensive review of recent developments in Electrical Engineering. We analyze current benchmarks, discuss state-of-the-art neural architectures, and outline open challenges for future studies.",10.1109/electricalengineering.2025.101,https://ieeexplore.ieee.org/document/8800051
PUB-20261052,A Review of Modern Mechanical Engineering Architectures and Neural Advancements,Sarah Jenkins; Michael Chen; David Miller,2025,"This paper presents a comprehensive review of recent developments in Mechanical Engineering. We analyze current benchmarks, discuss state-of-the-art neural architectures, and outline open challenges for future studies.",10.1109/mechanicalengineering.2025.101,https://ieeexplore.ieee.org/document/8800052
PUB-20261053,A Review of Modern Computer Vision Architectures and Neural Advancements,Sarah Jenkins; Michael Chen; David Miller,2025,"This paper presents a comprehensive review of recent developments in Computer Vision. We analyze current benchmarks, discuss state-of-the-art neural architectures, and outline open challenges for future studies.",10.1109/computervision.2025.101,https://ieeexplore.ieee.org/document/8800053
PUB-20261054,A Review of Modern Natural Language Processing Architectures and Neural Advancements,Sarah Jenkins; Michael Chen; David Miller,2025,"This paper presents a comprehensive review of recent developments in Natural Language Processing. We analyze current benchmarks, discuss state-of-the-art neural architectures, and outline open challenges for future studies.",10.1109/naturallanguageprocessing.2025.101,https://ieeexplore.ieee.org/document/8800054
PUB-20261055,A Review of Modern Deep Learning Architectures and Neural Advancements,Sarah Jenkins; Michael Chen; David Miller,2025,"This paper presents a comprehensive review of recent developments in Deep Learning. We analyze current benchmarks, discuss state-of-the-art neural architectures, and outline open challenges for future studies.",10.1109/deeplearning.2025.101,https://ieeexplore.ieee.org/document/8800055
PUB-20261056,A Review of Modern Cyber Security Architectures and Neural Advancements,Sarah Jenkins; Michael Chen; David Miller,2025,"This paper presents a comprehensive review of recent developments in Cyber Security. We analyze current benchmarks, discuss state-of-the-art neural architectures, and outline open challenges for future studies.",10.1109/cybersecurity.2025.101,https://ieeexplore.ieee.org/document/8800056
PUB-20261057,A Review of Modern Chemistry Architectures and Neural Advancements,Sarah Jenkins; Michael Chen; David Miller,2025,"This paper presents a comprehensive review of recent developments in Chemistry. We analyze current benchmarks, discuss state-of-the-art neural architectures, and outline open challenges for future studies.",10.1109/chemistry.2025.101,https://ieeexplore.ieee.org/document/8800057
PUB-20261058,A Review of Modern Biotechnology Architectures and Neural Advancements,Sarah Jenkins; Michael Chen; David Miller,2025,"This paper presents a comprehensive review of recent developments in Biotechnology. We analyze current benchmarks, discuss state-of-the-art neural architectures, and outline open challenges for future studies.",10.1109/biotechnology.2025.101,https://ieeexplore.ieee.org/document/8800058
PUB-20261059,A Review of Modern Mathematics Architectures and Neural Advancements,Sarah Jenkins; Michael Chen; David Miller,2025,"This paper presents a comprehensive review of recent developments in Mathematics. We analyze current benchmarks, discuss state-of-the-art neural architectures, and outline open challenges for future studies.",10.1109/mathematics.2025.101,https://ieeexplore.ieee.org/document/8800059
PUB-20261060,A Review of Modern Healthcare Architectures and Neural Advancements,Sarah Jenkins; Michael Chen; David Miller,2025,"This paper presents a comprehensive review of recent developments in Healthcare. We analyze current benchmarks, discuss state-of-the-art neural architectures, and outline open challenges for future studies.",10.1109/healthcare.2025.101,https://ieeexplore.ieee.org/document/8800060
PUB-20261061,A Review of Modern Software Engineering Architectures and Neural Advancements,Sarah Jenkins; Michael Chen; David Miller,2025,"This paper presents a comprehensive review of recent developments in Software Engineering. We analyze current benchmarks, discuss state-of-the-art neural architectures, and outline open challenges for future studies.",10.1109/softwareengineering.2025.101,https://ieeexplore.ieee.org/document/8800061
PUB-20261062,A Review of Modern Robotics Architectures and Neural Advancements,Sarah Jenkins; Michael Chen; David Miller,2025,"This paper presents a comprehensive review of recent developments in Robotics. We analyze current benchmarks, discuss state-of-the-art neural architectures, and outline open challenges for future studies.",10.1109/robotics.2025.101,https://ieeexplore.ieee.org/document/8800062
PUB-20261063,A Review of Modern Quantum Computing Architectures and Neural Advancements,Sarah Jenkins; Michael Chen; David Miller,2025,"This paper presents a comprehensive review of recent developments in Quantum Computing. We analyze current benchmarks, discuss state-of-the-art neural architectures, and outline open challenges for future studies.",10.1109/quantumcomputing.2025.101,https://ieeexplore.ieee.org/document/8800063
PUB-20261064,A Review of Modern Data Science Architectures and Neural Advancements,Sarah Jenkins; Michael Chen; David Miller,2025,"This paper presents a comprehensive review of recent developments in Data Science. We analyze current benchmarks, discuss state-of-the-art neural architectures, and outline open challenges for future studies.",10.1109/datascience.2025.101,https://ieeexplore.ieee.org/document/8800064
PUB-20261065,A Review of Modern Renewable Energy Architectures and Neural Advancements,Sarah Jenkins; Michael Chen; David Miller,2025,"This paper presents a comprehensive review of recent developments in Renewable Energy. We analyze current benchmarks, discuss state-of-the-art neural architectures, and outline open challenges for future studies.",10.1109/renewableenergy.2025.101,https://ieeexplore.ieee.org/document/8800065
PUB-20261066,A Review of Modern Physics Architectures and Neural Advancements,Sarah Jenkins; Michael Chen; David Miller,2025,"This paper presents a comprehensive review of recent developments in Physics. We analyze current benchmarks, discuss state-of-the-art neural architectures, and outline open challenges for future studies.",10.1109/physics.2025.101,https://ieeexplore.ieee.org/document/8800066
PUB-20261067,A Review of Modern Medical Diagnostics Architectures and Neural Advancements,Sarah Jenkins; Michael Chen; David Miller,2025,"This paper presents a comprehensive review of recent developments in Medical Diagnostics. We analyze current benchmarks, discuss state-of-the-art neural architectures, and outline open challenges for future studies.",10.1109/medicaldiagnostics.2025.101,https://ieeexplore.ieee.org/document/8800067
PUB-20261068,A Review of Modern Electrical Engineering Architectures and Neural Advancements,Sarah Jenkins; Michael Chen; David Miller,2025,"This paper presents a comprehensive review of recent developments in Electrical Engineering. We analyze current benchmarks, discuss state-of-the-art neural architectures, and outline open challenges for future studies.",10.1109/electricalengineering.2025.101,https://ieeexplore.ieee.org/document/8800068
PUB-20261069,A Review of Modern Mechanical Engineering Architectures and Neural Advancements,Sarah Jenkins; Michael Chen; David Miller,2025,"This paper presents a comprehensive review of recent developments in Mechanical Engineering. We analyze current benchmarks, discuss state-of-the-art neural architectures, and outline open challenges for future studies.",10.1109/mechanicalengineering.2025.101,https://ieeexplore.ieee.org/document/8800069
PUB-20261070,A Review of Modern Computer Vision Architectures and Neural Advancements,Sarah Jenkins; Michael Chen; David Miller,2025,"This paper presents a comprehensive review of recent developments in Computer Vision. We analyze current benchmarks, discuss state-of-the-art neural architectures, and outline open challenges for future studies.",10.1109/computervision.2025.101,https://ieeexplore.ieee.org/document/8800070
PUB-20261071,A Review of Modern Natural Language Processing Architectures and Neural Advancements,Sarah Jenkins; Michael Chen; David Miller,2025,"This paper presents a comprehensive review of recent developments in Natural Language Processing. We analyze current benchmarks, discuss state-of-the-art neural architectures, and outline open challenges for future studies.",10.1109/naturallanguageprocessing.2025.101,https://ieeexplore.ieee.org/document/8800071
PUB-20261072,A Review of Modern Deep Learning Architectures and Neural Advancements,Sarah Jenkins; Michael Chen; David Miller,2025,"This paper presents a comprehensive review of recent developments in Deep Learning. We analyze current benchmarks, discuss state-of-the-art neural architectures, and outline open challenges for future studies.",10.1109/deeplearning.2025.101,https://ieeexplore.ieee.org/document/8800072
PUB-20261073,A Review of Modern Cyber Security Architectures and Neural Advancements,Sarah Jenkins; Michael Chen; David Miller,2025,"This paper presents a comprehensive review of recent developments in Cyber Security. We analyze current benchmarks, discuss state-of-the-art neural architectures, and outline open challenges for future studies.",10.1109/cybersecurity.2025.101,https://ieeexplore.ieee.org/document/8800073
PUB-20261074,A Review of Modern Chemistry Architectures and Neural Advancements,Sarah Jenkins; Michael Chen; David Miller,2025,"This paper presents a comprehensive review of recent developments in Chemistry. We analyze current benchmarks, discuss state-of-the-art neural architectures, and outline open challenges for future studies.",10.1109/chemistry.2025.101,https://ieeexplore.ieee.org/document/8800074
PUB-20261075,A Review of Modern Biotechnology Architectures and Neural Advancements,Sarah Jenkins; Michael Chen; David Miller,2025,"This paper presents a comprehensive review of recent developments in Biotechnology. We analyze current benchmarks, discuss state-of-the-art neural architectures, and outline open challenges for future studies.",10.1109/biotechnology.2025.101,https://ieeexplore.ieee.org/document/8800075
PUB-20261076,A Review of Modern Mathematics Architectures and Neural Advancements,Sarah Jenkins; Michael Chen; David Miller,2025,"This paper presents a comprehensive review of recent developments in Mathematics. We analyze current benchmarks, discuss state-of-the-art neural architectures, and outline open challenges for future studies.",10.1109/mathematics.2025.101,https://ieeexplore.ieee.org/document/8800076
PUB-20261077,A Review of Modern Healthcare Architectures and Neural Advancements,Sarah Jenkins; Michael Chen; David Miller,2025,"This paper presents a comprehensive review of recent developments in Healthcare. We analyze current benchmarks, discuss state-of-the-art neural architectures, and outline open challenges for future studies.",10.1109/healthcare.2025.101,https://ieeexplore.ieee.org/document/8800077
PUB-20261078,A Review of Modern Software Engineering Architectures and Neural Advancements,Sarah Jenkins; Michael Chen; David Miller,2025,"This paper presents a comprehensive review of recent developments in Software Engineering. We analyze current benchmarks, discuss state-of-the-art neural architectures, and outline open challenges for future studies.",10.1109/softwareengineering.2025.101,https://ieeexplore.ieee.org/document/8800078
PUB-20261079,A Review of Modern Robotics Architectures and Neural Advancements,Sarah Jenkins; Michael Chen; David Miller,2025,"This paper presents a comprehensive review of recent developments in Robotics. We analyze current benchmarks, discuss state-of-the-art neural architectures, and outline open challenges for future studies.",10.1109/robotics.2025.101,https://ieeexplore.ieee.org/document/8800079
PUB-20261080,A Review of Modern Quantum Computing Architectures and Neural Advancements,Sarah Jenkins; Michael Chen; David Miller,2025,"This paper presents a comprehensive review of recent developments in Quantum Computing. We analyze current benchmarks, discuss state-of-the-art neural architectures, and outline open challenges for future studies.",10.1109/quantumcomputing.2025.101,https://ieeexplore.ieee.org/document/8800080
PUB-20261081,A Review of Modern Data Science Architectures and Neural Advancements,Sarah Jenkins; Michael Chen; David Miller,2025,"This paper presents a comprehensive review of recent developments in Data Science. We analyze current benchmarks, discuss state-of-the-art neural architectures, and outline open challenges for future studies.",10.1109/datascience.2025.101,https://ieeexplore.ieee.org/document/8800081
PUB-20261082,A Review of Modern Renewable Energy Architectures and Neural Advancements,Sarah Jenkins; Michael Chen; David Miller,2025,"This paper presents a comprehensive review of recent developments in Renewable Energy. We analyze current benchmarks, discuss state-of-the-art neural architectures, and outline open challenges for future studies.",10.1109/renewableenergy.2025.101,https://ieeexplore.ieee.org/document/8800082
PUB-20261083,A Review of Modern Physics Architectures and Neural Advancements,Sarah Jenkins; Michael Chen; David Miller,2025,"This paper presents a comprehensive review of recent developments in Physics. We analyze current benchmarks, discuss state-of-the-art neural architectures, and outline open challenges for future studies.",10.1109/physics.2025.101,https://ieeexplore.ieee.org/document/8800083
PUB-20261084,A Review of Modern Medical Diagnostics Architectures and Neural Advancements,Sarah Jenkins; Michael Chen; David Miller,2025,"This paper presents a comprehensive review of recent developments in Medical Diagnostics. We analyze current benchmarks, discuss state-of-the-art neural architectures, and outline open challenges for future studies.",10.1109/medicaldiagnostics.2025.101,https://ieeexplore.ieee.org/document/8800084
PUB-20261085,A Review of Modern Electrical Engineering Architectures and Neural Advancements,Sarah Jenkins; Michael Chen; David Miller,2025,"This paper presents a comprehensive review of recent developments in Electrical Engineering. We analyze current benchmarks, discuss state-of-the-art neural architectures, and outline open challenges for future studies.",10.1109/electricalengineering.2025.101,https://ieeexplore.ieee.org/document/8800085
PUB-20261086,A Review of Modern Mechanical Engineering Architectures and Neural Advancements,Sarah Jenkins; Michael Chen; David Miller,2025,"This paper presents a comprehensive review of recent developments in Mechanical Engineering. We analyze current benchmarks, discuss state-of-the-art neural architectures, and outline open challenges for future studies.",10.1109/mechanicalengineering.2025.101,https://ieeexplore.ieee.org/document/8800086
PUB-20261087,A Review of Modern Computer Vision Architectures and Neural Advancements,Sarah Jenkins; Michael Chen; David Miller,2025,"This paper presents a comprehensive review of recent developments in Computer Vision. We analyze current benchmarks, discuss state-of-the-art neural architectures, and outline open challenges for future studies.",10.1109/computervision.2025.101,https://ieeexplore.ieee.org/document/8800087
PUB-20261088,A Review of Modern Natural Language Processing Architectures and Neural Advancements,Sarah Jenkins; Michael Chen; David Miller,2025,"This paper presents a comprehensive review of recent developments in Natural Language Processing. We analyze current benchmarks, discuss state-of-the-art neural architectures, and outline open challenges for future studies.",10.1109/naturallanguageprocessing.2025.101,https://ieeexplore.ieee.org/document/8800088
PUB-20261089,A Review of Modern Deep Learning Architectures and Neural Advancements,Sarah Jenkins; Michael Chen; David Miller,2025,"This paper presents a comprehensive review of recent developments in Deep Learning. We analyze current benchmarks, discuss state-of-the-art neural architectures, and outline open challenges for future studies.",10.1109/deeplearning.2025.101,https://ieeexplore.ieee.org/document/8800089
PUB-20261090,A Review of Modern Cyber Security Architectures and Neural Advancements,Sarah Jenkins; Michael Chen; David Miller,2025,"This paper presents a comprehensive review of recent developments in Cyber Security. We analyze current benchmarks, discuss state-of-the-art neural architectures, and outline open challenges for future studies.",10.1109/cybersecurity.2025.101,https://ieeexplore.ieee.org/document/8800090
PUB-20261091,A Review of Modern Chemistry Architectures and Neural Advancements,Sarah Jenkins; Michael Chen; David Miller,2025,"This paper presents a comprehensive review of recent developments in Chemistry. We analyze current benchmarks, discuss state-of-the-art neural architectures, and outline open challenges for future studies.",10.1109/chemistry.2025.101,https://ieeexplore.ieee.org/document/8800091
PUB-20261092,A Review of Modern Biotechnology Architectures and Neural Advancements,Sarah Jenkins; Michael Chen; David Miller,2025,"This paper presents a comprehensive review of recent developments in Biotechnology. We analyze current benchmarks, discuss state-of-the-art neural architectures, and outline open challenges for future studies.",10.1109/biotechnology.2025.101,https://ieeexplore.ieee.org/document/8800092
PUB-20261093,A Review of Modern Mathematics Architectures and Neural Advancements,Sarah Jenkins; Michael Chen; David Miller,2025,"This paper presents a comprehensive review of recent developments in Mathematics. We analyze current benchmarks, discuss state-of-the-art neural architectures, and outline open challenges for future studies.",10.1109/mathematics.2025.101,https://ieeexplore.ieee.org/document/8800093
PUB-20261094,A Review of Modern Healthcare Architectures and Neural Advancements,Sarah Jenkins; Michael Chen; David Miller,2025,"This paper presents a comprehensive review of recent developments in Healthcare. We analyze current benchmarks, discuss state-of-the-art neural architectures, and outline open challenges for future studies.",10.1109/healthcare.2025.101,https://ieeexplore.ieee.org/document/8800094
PUB-20261095,A Review of Modern Software Engineering Architectures and Neural Advancements,Sarah Jenkins; Michael Chen; David Miller,2025,"This paper presents a comprehensive review of recent developments in Software Engineering. We analyze current benchmarks, discuss state-of-the-art neural architectures, and outline open challenges for future studies.",10.1109/softwareengineering.2025.101,https://ieeexplore.ieee.org/document/8800095
PUB-20261096,A Review of Modern Robotics Architectures and Neural Advancements,Sarah Jenkins; Michael Chen; David Miller,2025,"This paper presents a comprehensive review of recent developments in Robotics. We analyze current benchmarks, discuss state-of-the-art neural architectures, and outline open challenges for future studies.",10.1109/robotics.2025.101,https://ieeexplore.ieee.org/document/8800096
PUB-20261097,A Review of Modern Quantum Computing Architectures and Neural Advancements,Sarah Jenkins; Michael Chen; David Miller,2025,"This paper presents a comprehensive review of recent developments in Quantum Computing. We analyze current benchmarks, discuss state-of-the-art neural architectures, and outline open challenges for future studies.",10.1109/quantumcomputing.2025.101,https://ieeexplore.ieee.org/document/8800097
PUB-20261098,A Review of Modern Data Science Architectures and Neural Advancements,Sarah Jenkins; Michael Chen; David Miller,2025,"This paper presents a comprehensive review of recent developments in Data Science. We analyze current benchmarks, discuss state-of-the-art neural architectures, and outline open challenges for future studies.",10.1109/datascience.2025.101,https://ieeexplore.ieee.org/document/8800098
PUB-20261099,A Review of Modern Renewable Energy Architectures and Neural Advancements,Sarah Jenkins; Michael Chen; David Miller,2025,"This paper presents a comprehensive review of recent developments in Renewable Energy. We analyze current benchmarks, discuss state-of-the-art neural architectures, and outline open challenges for future studies.",10.1109/renewableenergy.2025.101,https://ieeexplore.ieee.org/document/8800099
PUB-20261100,A Review of Modern Physics Architectures and Neural Advancements,Sarah Jenkins; Michael Chen; David Miller,2025,"This paper presents a comprehensive review of recent developments in Physics. We analyze current benchmarks, discuss state-of-the-art neural architectures, and outline open challenges for future studies.",10.1109/physics.2025.101,https://ieeexplore.ieee.org/document/8800100
PUB-20261101,A Review of Modern Medical Diagnostics Architectures and Neural Advancements,Sarah Jenkins; Michael Chen; David Miller,2025,"This paper presents a comprehensive review of recent developments in Medical Diagnostics. We analyze current benchmarks, discuss state-of-the-art neural architectures, and outline open challenges for future studies.",10.1109/medicaldiagnostics.2025.101,https://ieeexplore.ieee.org/document/8800101
PUB-20261102,A Review of Modern Electrical Engineering Architectures and Neural Advancements,Sarah Jenkins; Michael Chen; David Miller,2025,"This paper presents a comprehensive review of recent developments in Electrical Engineering. We analyze current benchmarks, discuss state-of-the-art neural architectures, and outline open challenges for future studies.",10.1109/electricalengineering.2025.101,https://ieeexplore.ieee.org/document/8800102
PUB-20261103,A Review of Modern Mechanical Engineering Architectures and Neural Advancements,Sarah Jenkins; Michael Chen; David Miller,2025,"This paper presents a comprehensive review of recent developments in Mechanical Engineering. We analyze current benchmarks, discuss state-of-the-art neural architectures, and outline open challenges for future studies.",10.1109/mechanicalengineering.2025.101,https://ieeexplore.ieee.org/document/8800103
PUB-20261104,A Review of Modern Computer Vision Architectures and Neural Advancements,Sarah Jenkins; Michael Chen; David Miller,2025,"This paper presents a comprehensive review of recent developments in Computer Vision. We analyze current benchmarks, discuss state-of-the-art neural architectures, and outline open challenges for future studies.",10.1109/computervision.2025.101,https://ieeexplore.ieee.org/document/8800104
PUB-20261105,A Review of Modern Natural Language Processing Architectures and Neural Advancements,Sarah Jenkins; Michael Chen; David Miller,2025,"This paper presents a comprehensive review of recent developments in Natural Language Processing. We analyze current benchmarks, discuss state-of-the-art neural architectures, and outline open challenges for future studies.",10.1109/naturallanguageprocessing.2025.101,https://ieeexplore.ieee.org/document/8800105
PUB-20261106,A Review of Modern Deep Learning Architectures and Neural Advancements,Sarah Jenkins; Michael Chen; David Miller,2025,"This paper presents a comprehensive review of recent developments in Deep Learning. We analyze current benchmarks, discuss state-of-the-art neural architectures, and outline open challenges for future studies.",10.1109/deeplearning.2025.101,https://ieeexplore.ieee.org/document/8800106
PUB-20261107,A Review of Modern Cyber Security Architectures and Neural Advancements,Sarah Jenkins; Michael Chen; David Miller,2025,"This paper presents a comprehensive review of recent developments in Cyber Security. We analyze current benchmarks, discuss state-of-the-art neural architectures, and outline open challenges for future studies.",10.1109/cybersecurity.2025.101,https://ieeexplore.ieee.org/document/8800107
PUB-20261108,A Review of Modern Chemistry Architectures and Neural Advancements,Sarah Jenkins; Michael Chen; David Miller,2025,"This paper presents a comprehensive review of recent developments in Chemistry. We analyze current benchmarks, discuss state-of-the-art neural architectures, and outline open challenges for future studies.",10.1109/chemistry.2025.101,https://ieeexplore.ieee.org/document/8800108
PUB-20261109,A Review of Modern Biotechnology Architectures and Neural Advancements,Sarah Jenkins; Michael Chen; David Miller,2025,"This paper presents a comprehensive review of recent developments in Biotechnology. We analyze current benchmarks, discuss state-of-the-art neural architectures, and outline open challenges for future studies.",10.1109/biotechnology.2025.101,https://ieeexplore.ieee.org/document/8800109
PUB-20261110,A Review of Modern Mathematics Architectures and Neural Advancements,Sarah Jenkins; Michael Chen; David Miller,2025,"This paper presents a comprehensive review of recent developments in Mathematics. We analyze current benchmarks, discuss state-of-the-art neural architectures, and outline open challenges for future studies.",10.1109/mathematics.2025.101,https://ieeexplore.ieee.org/document/8800110
PUB-20261111,A Review of Modern Healthcare Architectures and Neural Advancements,Sarah Jenkins; Michael Chen; David Miller,2025,"This paper presents a comprehensive review of recent developments in Healthcare. We analyze current benchmarks, discuss state-of-the-art neural architectures, and outline open challenges for future studies.",10.1109/healthcare.2025.101,https://ieeexplore.ieee.org/document/8800111
PUB-20261112,A Review of Modern Software Engineering Architectures and Neural Advancements,Sarah Jenkins; Michael Chen; David Miller,2025,"This paper presents a comprehensive review of recent developments in Software Engineering. We analyze current benchmarks, discuss state-of-the-art neural architectures, and outline open challenges for future studies.",10.1109/softwareengineering.2025.101,https://ieeexplore.ieee.org/document/8800112
PUB-20261113,A Review of Modern Robotics Architectures and Neural Advancements,Sarah Jenkins; Michael Chen; David Miller,2025,"This paper presents a comprehensive review of recent developments in Robotics. We analyze current benchmarks, discuss state-of-the-art neural architectures, and outline open challenges for future studies.",10.1109/robotics.2025.101,https://ieeexplore.ieee.org/document/8800113
PUB-20261114,A Review of Modern Quantum Computing Architectures and Neural Advancements,Sarah Jenkins; Michael Chen; David Miller,2025,"This paper presents a comprehensive review of recent developments in Quantum Computing. We analyze current benchmarks, discuss state-of-the-art neural architectures, and outline open challenges for future studies.",10.1109/quantumcomputing.2025.101,https://ieeexplore.ieee.org/document/8800114
PUB-20261115,A Review of Modern Data Science Architectures and Neural Advancements,Sarah Jenkins; Michael Chen; David Miller,2025,"This paper presents a comprehensive review of recent developments in Data Science. We analyze current benchmarks, discuss state-of-the-art neural architectures, and outline open challenges for future studies.",10.1109/datascience.2025.101,https://ieeexplore.ieee.org/document/8800115
PUB-20261116,A Review of Modern Renewable Energy Architectures and Neural Advancements,Sarah Jenkins; Michael Chen; David Miller,2025,"This paper presents a comprehensive review of recent developments in Renewable Energy. We analyze current benchmarks, discuss state-of-the-art neural architectures, and outline open challenges for future studies.",10.1109/renewableenergy.2025.101,https://ieeexplore.ieee.org/document/8800116
PUB-20261117,A Review of Modern Physics Architectures and Neural Advancements,Sarah Jenkins; Michael Chen; David Miller,2025,"This paper presents a comprehensive review of recent developments in Physics. We analyze current benchmarks, discuss state-of-the-art neural architectures, and outline open challenges for future studies.",10.1109/physics.2025.101,https://ieeexplore.ieee.org/document/8800117
PUB-20261118,A Review of Modern Medical Diagnostics Architectures and Neural Advancements,Sarah Jenkins; Michael Chen; David Miller,2025,"This paper presents a comprehensive review of recent developments in Medical Diagnostics. We analyze current benchmarks, discuss state-of-the-art neural architectures, and outline open challenges for future studies.",10.1109/medicaldiagnostics.2025.101,https://ieeexplore.ieee.org/document/8800118
PUB-20261119,A Review of Modern Electrical Engineering Architectures and Neural Advancements,Sarah Jenkins; Michael Chen; David Miller,2025,"This paper presents a comprehensive review of recent developments in Electrical Engineering. We analyze current benchmarks, discuss state-of-the-art neural architectures, and outline open challenges for future studies.",10.1109/electricalengineering.2025.101,https://ieeexplore.ieee.org/document/8800119
PUB-20261120,A Review of Modern Mechanical Engineering Architectures and Neural Advancements,Sarah Jenkins; Michael Chen; David Miller,2025,"This paper presents a comprehensive review of recent developments in Mechanical Engineering. We analyze current benchmarks, discuss state-of-the-art neural architectures, and outline open challenges for future studies.",10.1109/mechanicalengineering.2025.101,https://ieeexplore.ieee.org/document/8800120
PUB-20261121,A Review of Modern Computer Vision Architectures and Neural Advancements,Sarah Jenkins; Michael Chen; David Miller,2025,"This paper presents a comprehensive review of recent developments in Computer Vision. We analyze current benchmarks, discuss state-of-the-art neural architectures, and outline open challenges for future studies.",10.1109/computervision.2025.101,https://ieeexplore.ieee.org/document/8800121
PUB-20261122,A Review of Modern Natural Language Processing Architectures and Neural Advancements,Sarah Jenkins; Michael Chen; David Miller,2025,"This paper presents a comprehensive review of recent developments in Natural Language Processing. We analyze current benchmarks, discuss state-of-the-art neural architectures, and outline open challenges for future studies.",10.1109/naturallanguageprocessing.2025.101,https://ieeexplore.ieee.org/document/8800122
PUB-20261123,A Review of Modern Deep Learning Architectures and Neural Advancements,Sarah Jenkins; Michael Chen; David Miller,2025,"This paper presents a comprehensive review of recent developments in Deep Learning. We analyze current benchmarks, discuss state-of-the-art neural architectures, and outline open challenges for future studies.",10.1109/deeplearning.2025.101,https://ieeexplore.ieee.org/document/8800123
PUB-20261124,A Review of Modern Cyber Security Architectures and Neural Advancements,Sarah Jenkins; Michael Chen; David Miller,2025,"This paper presents a comprehensive review of recent developments in Cyber Security. We analyze current benchmarks, discuss state-of-the-art neural architectures, and outline open challenges for future studies.",10.1109/cybersecurity.2025.101,https://ieeexplore.ieee.org/document/8800124
PUB-20261125,A Review of Modern Chemistry Architectures and Neural Advancements,Sarah Jenkins; Michael Chen; David Miller,2025,"This paper presents a comprehensive review of recent developments in Chemistry. We analyze current benchmarks, discuss state-of-the-art neural architectures, and outline open challenges for future studies.",10.1109/chemistry.2025.101,https://ieeexplore.ieee.org/document/8800125
PUB-20261126,A Review of Modern Biotechnology Architectures and Neural Advancements,Sarah Jenkins; Michael Chen; David Miller,2025,"This paper presents a comprehensive review of recent developments in Biotechnology. We analyze current benchmarks, discuss state-of-the-art neural architectures, and outline open challenges for future studies.",10.1109/biotechnology.2025.101,https://ieeexplore.ieee.org/document/8800126
PUB-20261127,A Review of Modern Mathematics Architectures and Neural Advancements,Sarah Jenkins; Michael Chen; David Miller,2025,"This paper presents a comprehensive review of recent developments in Mathematics. We analyze current benchmarks, discuss state-of-the-art neural architectures, and outline open challenges for future studies.",10.1109/mathematics.2025.101,https://ieeexplore.ieee.org/document/8800127
PUB-20261128,A Review of Modern Healthcare Architectures and Neural Advancements,Sarah Jenkins; Michael Chen; David Miller,2025,"This paper presents a comprehensive review of recent developments in Healthcare. We analyze current benchmarks, discuss state-of-the-art neural architectures, and outline open challenges for future studies.",10.1109/healthcare.2025.101,https://ieeexplore.ieee.org/document/8800128
PUB-20261129,A Review of Modern Software Engineering Architectures and Neural Advancements,Sarah Jenkins; Michael Chen; David Miller,2025,"This paper presents a comprehensive review of recent developments in Software Engineering. We analyze current benchmarks, discuss state-of-the-art neural architectures, and outline open challenges for future studies.",10.1109/softwareengineering.2025.101,https://ieeexplore.ieee.org/document/8800129
PUB-20261130,A Review of Modern Robotics Architectures and Neural Advancements,Sarah Jenkins; Michael Chen; David Miller,2025,"This paper presents a comprehensive review of recent developments in Robotics. We analyze current benchmarks, discuss state-of-the-art neural architectures, and outline open challenges for future studies.",10.1109/robotics.2025.101,https://ieeexplore.ieee.org/document/8800130
PUB-20261131,A Review of Modern Quantum Computing Architectures and Neural Advancements,Sarah Jenkins; Michael Chen; David Miller,2025,"This paper presents a comprehensive review of recent developments in Quantum Computing. We analyze current benchmarks, discuss state-of-the-art neural architectures, and outline open challenges for future studies.",10.1109/quantumcomputing.2025.101,https://ieeexplore.ieee.org/document/8800131
PUB-20261132,A Review of Modern Data Science Architectures and Neural Advancements,Sarah Jenkins; Michael Chen; David Miller,2025,"This paper presents a comprehensive review of recent developments in Data Science. We analyze current benchmarks, discuss state-of-the-art neural architectures, and outline open challenges for future studies.",10.1109/datascience.2025.101,https://ieeexplore.ieee.org/document/8800132
PUB-20261133,A Review of Modern Renewable Energy Architectures and Neural Advancements,Sarah Jenkins; Michael Chen; David Miller,2025,"This paper presents a comprehensive review of recent developments in Renewable Energy. We analyze current benchmarks, discuss state-of-the-art neural architectures, and outline open challenges for future studies.",10.1109/renewableenergy.2025.101,https://ieeexplore.ieee.org/document/8800133
PUB-20261134,A Review of Modern Physics Architectures and Neural Advancements,Sarah Jenkins; Michael Chen; David Miller,2025,"This paper presents a comprehensive review of recent developments in Physics. We analyze current benchmarks, discuss state-of-the-art neural architectures, and outline open challenges for future studies.",10.1109/physics.2025.101,https://ieeexplore.ieee.org/document/8800134
PUB-20261135,A Review of Modern Medical Diagnostics Architectures and Neural Advancements,Sarah Jenkins; Michael Chen; David Miller,2025,"This paper presents a comprehensive review of recent developments in Medical Diagnostics. We analyze current benchmarks, discuss state-of-the-art neural architectures, and outline open challenges for future studies.",10.1109/medicaldiagnostics.2025.101,https://ieeexplore.ieee.org/document/8800135
PUB-20261136,A Review of Modern Electrical Engineering Architectures and Neural Advancements,Sarah Jenkins; Michael Chen; David Miller,2025,"This paper presents a comprehensive review of recent developments in Electrical Engineering. We analyze current benchmarks, discuss state-of-the-art neural architectures, and outline open challenges for future studies.",10.1109/electricalengineering.2025.101,https://ieeexplore.ieee.org/document/8800136
PUB-20261137,A Review of Modern Mechanical Engineering Architectures and Neural Advancements,Sarah Jenkins; Michael Chen; David Miller,2025,"This paper presents a comprehensive review of recent developments in Mechanical Engineering. We analyze current benchmarks, discuss state-of-the-art neural architectures, and outline open challenges for future studies.",10.1109/mechanicalengineering.2025.101,https://ieeexplore.ieee.org/document/8800137
PUB-20261138,A Review of Modern Computer Vision Architectures and Neural Advancements,Sarah Jenkins; Michael Chen; David Miller,2025,"This paper presents a comprehensive review of recent developments in Computer Vision. We analyze current benchmarks, discuss state-of-the-art neural architectures, and outline open challenges for future studies.",10.1109/computervision.2025.101,https://ieeexplore.ieee.org/document/8800138
PUB-20261139,A Review of Modern Natural Language Processing Architectures and Neural Advancements,Sarah Jenkins; Michael Chen; David Miller,2025,"This paper presents a comprehensive review of recent developments in Natural Language Processing. We analyze current benchmarks, discuss state-of-the-art neural architectures, and outline open challenges for future studies.",10.1109/naturallanguageprocessing.2025.101,https://ieeexplore.ieee.org/document/8800139
PUB-20261140,A Review of Modern Deep Learning Architectures and Neural Advancements,Sarah Jenkins; Michael Chen; David Miller,2025,"This paper presents a comprehensive review of recent developments in Deep Learning. We analyze current benchmarks, discuss state-of-the-art neural architectures, and outline open challenges for future studies.",10.1109/deeplearning.2025.101,https://ieeexplore.ieee.org/document/8800140
PUB-20261141,A Review of Modern Cyber Security Architectures and Neural Advancements,Sarah Jenkins; Michael Chen; David Miller,2025,"This paper presents a comprehensive review of recent developments in Cyber Security. We analyze current benchmarks, discuss state-of-the-art neural architectures, and outline open challenges for future studies.",10.1109/cybersecurity.2025.101,https://ieeexplore.ieee.org/document/8800141
PUB-20261142,A Review of Modern Chemistry Architectures and Neural Advancements,Sarah Jenkins; Michael Chen; David Miller,2025,"This paper presents a comprehensive review of recent developments in Chemistry. We analyze current benchmarks, discuss state-of-the-art neural architectures, and outline open challenges for future studies.",10.1109/chemistry.2025.101,https://ieeexplore.ieee.org/document/8800142
PUB-20261143,A Review of Modern Biotechnology Architectures and Neural Advancements,Sarah Jenkins; Michael Chen; David Miller,2025,"This paper presents a comprehensive review of recent developments in Biotechnology. We analyze current benchmarks, discuss state-of-the-art neural architectures, and outline open challenges for future studies.",10.1109/biotechnology.2025.101,https://ieeexplore.ieee.org/document/8800143
PUB-20261144,A Review of Modern Mathematics Architectures and Neural Advancements,Sarah Jenkins; Michael Chen; David Miller,2025,"This paper presents a comprehensive review of recent developments in Mathematics. We analyze current benchmarks, discuss state-of-the-art neural architectures, and outline open challenges for future studies.",10.1109/mathematics.2025.101,https://ieeexplore.ieee.org/document/8800144
PUB-20261145,A Review of Modern Healthcare Architectures and Neural Advancements,Sarah Jenkins; Michael Chen; David Miller,2025,"This paper presents a comprehensive review of recent developments in Healthcare. We analyze current benchmarks, discuss state-of-the-art neural architectures, and outline open challenges for future studies.",10.1109/healthcare.2025.101,https://ieeexplore.ieee.org/document/8800145
PUB-20261146,A Review of Modern Software Engineering Architectures and Neural Advancements,Sarah Jenkins; Michael Chen; David Miller,2025,"This paper presents a comprehensive review of recent developments in Software Engineering. We analyze current benchmarks, discuss state-of-the-art neural architectures, and outline open challenges for future studies.",10.1109/softwareengineering.2025.101,https://ieeexplore.ieee.org/document/8800146
PUB-20261147,A Review of Modern Robotics Architectures and Neural Advancements,Sarah Jenkins; Michael Chen; David Miller,2025,"This paper presents a comprehensive review of recent developments in Robotics. We analyze current benchmarks, discuss state-of-the-art neural architectures, and outline open challenges for future studies.",10.1109/robotics.2025.101,https://ieeexplore.ieee.org/document/8800147
PUB-20261148,A Review of Modern Quantum Computing Architectures and Neural Advancements,Sarah Jenkins; Michael Chen; David Miller,2025,"This paper presents a comprehensive review of recent developments in Quantum Computing. We analyze current benchmarks, discuss state-of-the-art neural architectures, and outline open challenges for future studies.",10.1109/quantumcomputing.2025.101,https://ieeexplore.ieee.org/document/8800148
PUB-20261149,A Review of Modern Data Science Architectures and Neural Advancements,Sarah Jenkins; Michael Chen; David Miller,2025,"This paper presents a comprehensive review of recent developments in Data Science. We analyze current benchmarks, discuss state-of-the-art neural architectures, and outline open challenges for future studies.",10.1109/datascience.2025.101,https://ieeexplore.ieee.org/document/8800149
