patent_number,title,abstract
US-77881240-B2,Method and system for Electrical Engineering Automation via Adaptive Networks,"This invention details a computing architecture and system for implementing Electrical Engineering automation. The platform utilizes adaptive neural layers to dynamically analyze and optimize workflow patterns, reducing latency and operational overhead in real-time execution."
US-77881241-B2,Method and system for Mechanical Engineering Automation via Adaptive Networks,"This invention details a computing architecture and system for implementing Mechanical Engineering automation. The platform utilizes adaptive neural layers to dynamically analyze and optimize workflow patterns, reducing latency and operational overhead in real-time execution."
US-77881242-B2,Method and system for Computer Vision Automation via Adaptive Networks,"This invention details a computing architecture and system for implementing Computer Vision automation. The platform utilizes adaptive neural layers to dynamically analyze and optimize workflow patterns, reducing latency and operational overhead in real-time execution."
US-77881243-B2,Method and system for Natural Language Processing Automation via Adaptive Networks,"This invention details a computing architecture and system for implementing Natural Language Processing automation. The platform utilizes adaptive neural layers to dynamically analyze and optimize workflow patterns, reducing latency and operational overhead in real-time execution."
US-77881244-B2,Method and system for Deep Learning Automation via Adaptive Networks,"This invention details a computing architecture and system for implementing Deep Learning automation. The platform utilizes adaptive neural layers to dynamically analyze and optimize workflow patterns, reducing latency and operational overhead in real-time execution."
US-77881245-B2,Method and system for Cyber Security Automation via Adaptive Networks,"This invention details a computing architecture and system for implementing Cyber Security automation. The platform utilizes adaptive neural layers to dynamically analyze and optimize workflow patterns, reducing latency and operational overhead in real-time execution."
US-77881246-B2,Method and system for Chemistry Automation via Adaptive Networks,"This invention details a computing architecture and system for implementing Chemistry automation. The platform utilizes adaptive neural layers to dynamically analyze and optimize workflow patterns, reducing latency and operational overhead in real-time execution."
US-77881247-B2,Method and system for Biotechnology Automation via Adaptive Networks,"This invention details a computing architecture and system for implementing Biotechnology automation. The platform utilizes adaptive neural layers to dynamically analyze and optimize workflow patterns, reducing latency and operational overhead in real-time execution."
US-77881248-B2,Method and system for Mathematics Automation via Adaptive Networks,"This invention details a computing architecture and system for implementing Mathematics automation. The platform utilizes adaptive neural layers to dynamically analyze and optimize workflow patterns, reducing latency and operational overhead in real-time execution."
US-77881249-B2,Method and system for Healthcare Automation via Adaptive Networks,"This invention details a computing architecture and system for implementing Healthcare automation. The platform utilizes adaptive neural layers to dynamically analyze and optimize workflow patterns, reducing latency and operational overhead in real-time execution."
US-77881250-B2,Method and system for Software Engineering Automation via Adaptive Networks,"This invention details a computing architecture and system for implementing Software Engineering automation. The platform utilizes adaptive neural layers to dynamically analyze and optimize workflow patterns, reducing latency and operational overhead in real-time execution."
US-77881251-B2,Method and system for Robotics Automation via Adaptive Networks,"This invention details a computing architecture and system for implementing Robotics automation. The platform utilizes adaptive neural layers to dynamically analyze and optimize workflow patterns, reducing latency and operational overhead in real-time execution."
US-77881252-B2,Method and system for Quantum Computing Automation via Adaptive Networks,"This invention details a computing architecture and system for implementing Quantum Computing automation. The platform utilizes adaptive neural layers to dynamically analyze and optimize workflow patterns, reducing latency and operational overhead in real-time execution."
US-77881253-B2,Method and system for Data Science Automation via Adaptive Networks,"This invention details a computing architecture and system for implementing Data Science automation. The platform utilizes adaptive neural layers to dynamically analyze and optimize workflow patterns, reducing latency and operational overhead in real-time execution."
US-77881254-B2,Method and system for Renewable Energy Automation via Adaptive Networks,"This invention details a computing architecture and system for implementing Renewable Energy automation. The platform utilizes adaptive neural layers to dynamically analyze and optimize workflow patterns, reducing latency and operational overhead in real-time execution."
US-77881255-B2,Method and system for Physics Automation via Adaptive Networks,"This invention details a computing architecture and system for implementing Physics automation. The platform utilizes adaptive neural layers to dynamically analyze and optimize workflow patterns, reducing latency and operational overhead in real-time execution."
US-77881256-B2,Method and system for Medical Diagnostics Automation via Adaptive Networks,"This invention details a computing architecture and system for implementing Medical Diagnostics automation. The platform utilizes adaptive neural layers to dynamically analyze and optimize workflow patterns, reducing latency and operational overhead in real-time execution."
US-77881257-B2,Method and system for Electrical Engineering Automation via Adaptive Networks,"This invention details a computing architecture and system for implementing Electrical Engineering automation. The platform utilizes adaptive neural layers to dynamically analyze and optimize workflow patterns, reducing latency and operational overhead in real-time execution."
US-77881258-B2,Method and system for Mechanical Engineering Automation via Adaptive Networks,"This invention details a computing architecture and system for implementing Mechanical Engineering automation. The platform utilizes adaptive neural layers to dynamically analyze and optimize workflow patterns, reducing latency and operational overhead in real-time execution."
US-77881259-B2,Method and system for Computer Vision Automation via Adaptive Networks,"This invention details a computing architecture and system for implementing Computer Vision automation. The platform utilizes adaptive neural layers to dynamically analyze and optimize workflow patterns, reducing latency and operational overhead in real-time execution."
US-77881260-B2,Method and system for Natural Language Processing Automation via Adaptive Networks,"This invention details a computing architecture and system for implementing Natural Language Processing automation. The platform utilizes adaptive neural layers to dynamically analyze and optimize workflow patterns, reducing latency and operational overhead in real-time execution."
US-77881261-B2,Method and system for Deep Learning Automation via Adaptive Networks,"This invention details a computing architecture and system for implementing Deep Learning automation. The platform utilizes adaptive neural layers to dynamically analyze and optimize workflow patterns, reducing latency and operational overhead in real-time execution."
US-77881262-B2,Method and system for Cyber Security Automation via Adaptive Networks,"This invention details a computing architecture and system for implementing Cyber Security automation. The platform utilizes adaptive neural layers to dynamically analyze and optimize workflow patterns, reducing latency and operational overhead in real-time execution."
US-77881263-B2,Method and system for Chemistry Automation via Adaptive Networks,"This invention details a computing architecture and system for implementing Chemistry automation. The platform utilizes adaptive neural layers to dynamically analyze and optimize workflow patterns, reducing latency and operational overhead in real-time execution."
US-77881264-B2,Method and system for Biotechnology Automation via Adaptive Networks,"This invention details a computing architecture and system for implementing Biotechnology automation. The platform utilizes adaptive neural layers to dynamically analyze and optimize workflow patterns, reducing latency and operational overhead in real-time execution."
US-77881265-B2,Method and system for Mathematics Automation via Adaptive Networks,"This invention details a computing architecture and system for implementing Mathematics automation. The platform utilizes adaptive neural layers to dynamically analyze and optimize workflow patterns, reducing latency and operational overhead in real-time execution."
US-77881266-B2,Method and system for Healthcare Automation via Adaptive Networks,"This invention details a computing architecture and system for implementing Healthcare automation. The platform utilizes adaptive neural layers to dynamically analyze and optimize workflow patterns, reducing latency and operational overhead in real-time execution."
US-77881267-B2,Method and system for Software Engineering Automation via Adaptive Networks,"This invention details a computing architecture and system for implementing Software Engineering automation. The platform utilizes adaptive neural layers to dynamically analyze and optimize workflow patterns, reducing latency and operational overhead in real-time execution."
US-77881268-B2,Method and system for Robotics Automation via Adaptive Networks,"This invention details a computing architecture and system for implementing Robotics automation. The platform utilizes adaptive neural layers to dynamically analyze and optimize workflow patterns, reducing latency and operational overhead in real-time execution."
US-77881269-B2,Method and system for Quantum Computing Automation via Adaptive Networks,"This invention details a computing architecture and system for implementing Quantum Computing automation. The platform utilizes adaptive neural layers to dynamically analyze and optimize workflow patterns, reducing latency and operational overhead in real-time execution."
US-77881270-B2,Method and system for Data Science Automation via Adaptive Networks,"This invention details a computing architecture and system for implementing Data Science automation. The platform utilizes adaptive neural layers to dynamically analyze and optimize workflow patterns, reducing latency and operational overhead in real-time execution."
US-77881271-B2,Method and system for Renewable Energy Automation via Adaptive Networks,"This invention details a computing architecture and system for implementing Renewable Energy automation. The platform utilizes adaptive neural layers to dynamically analyze and optimize workflow patterns, reducing latency and operational overhead in real-time execution."
US-77881272-B2,Method and system for Physics Automation via Adaptive Networks,"This invention details a computing architecture and system for implementing Physics automation. The platform utilizes adaptive neural layers to dynamically analyze and optimize workflow patterns, reducing latency and operational overhead in real-time execution."
US-77881273-B2,Method and system for Medical Diagnostics Automation via Adaptive Networks,"This invention details a computing architecture and system for implementing Medical Diagnostics automation. The platform utilizes adaptive neural layers to dynamically analyze and optimize workflow patterns, reducing latency and operational overhead in real-time execution."
US-77881274-B2,Method and system for Electrical Engineering Automation via Adaptive Networks,"This invention details a computing architecture and system for implementing Electrical Engineering automation. The platform utilizes adaptive neural layers to dynamically analyze and optimize workflow patterns, reducing latency and operational overhead in real-time execution."
US-77881275-B2,Method and system for Mechanical Engineering Automation via Adaptive Networks,"This invention details a computing architecture and system for implementing Mechanical Engineering automation. The platform utilizes adaptive neural layers to dynamically analyze and optimize workflow patterns, reducing latency and operational overhead in real-time execution."
US-77881276-B2,Method and system for Computer Vision Automation via Adaptive Networks,"This invention details a computing architecture and system for implementing Computer Vision automation. The platform utilizes adaptive neural layers to dynamically analyze and optimize workflow patterns, reducing latency and operational overhead in real-time execution."
US-77881277-B2,Method and system for Natural Language Processing Automation via Adaptive Networks,"This invention details a computing architecture and system for implementing Natural Language Processing automation. The platform utilizes adaptive neural layers to dynamically analyze and optimize workflow patterns, reducing latency and operational overhead in real-time execution."
US-77881278-B2,Method and system for Deep Learning Automation via Adaptive Networks,"This invention details a computing architecture and system for implementing Deep Learning automation. The platform utilizes adaptive neural layers to dynamically analyze and optimize workflow patterns, reducing latency and operational overhead in real-time execution."
US-77881279-B2,Method and system for Cyber Security Automation via Adaptive Networks,"This invention details a computing architecture and system for implementing Cyber Security automation. The platform utilizes adaptive neural layers to dynamically analyze and optimize workflow patterns, reducing latency and operational overhead in real-time execution."
US-77881280-B2,Method and system for Chemistry Automation via Adaptive Networks,"This invention details a computing architecture and system for implementing Chemistry automation. The platform utilizes adaptive neural layers to dynamically analyze and optimize workflow patterns, reducing latency and operational overhead in real-time execution."
US-77881281-B2,Method and system for Biotechnology Automation via Adaptive Networks,"This invention details a computing architecture and system for implementing Biotechnology automation. The platform utilizes adaptive neural layers to dynamically analyze and optimize workflow patterns, reducing latency and operational overhead in real-time execution."
US-77881282-B2,Method and system for Mathematics Automation via Adaptive Networks,"This invention details a computing architecture and system for implementing Mathematics automation. The platform utilizes adaptive neural layers to dynamically analyze and optimize workflow patterns, reducing latency and operational overhead in real-time execution."
US-77881283-B2,Method and system for Healthcare Automation via Adaptive Networks,"This invention details a computing architecture and system for implementing Healthcare automation. The platform utilizes adaptive neural layers to dynamically analyze and optimize workflow patterns, reducing latency and operational overhead in real-time execution."
US-77881284-B2,Method and system for Software Engineering Automation via Adaptive Networks,"This invention details a computing architecture and system for implementing Software Engineering automation. The platform utilizes adaptive neural layers to dynamically analyze and optimize workflow patterns, reducing latency and operational overhead in real-time execution."
US-77881285-B2,Method and system for Robotics Automation via Adaptive Networks,"This invention details a computing architecture and system for implementing Robotics automation. The platform utilizes adaptive neural layers to dynamically analyze and optimize workflow patterns, reducing latency and operational overhead in real-time execution."
US-77881286-B2,Method and system for Quantum Computing Automation via Adaptive Networks,"This invention details a computing architecture and system for implementing Quantum Computing automation. The platform utilizes adaptive neural layers to dynamically analyze and optimize workflow patterns, reducing latency and operational overhead in real-time execution."
US-77881287-B2,Method and system for Data Science Automation via Adaptive Networks,"This invention details a computing architecture and system for implementing Data Science automation. The platform utilizes adaptive neural layers to dynamically analyze and optimize workflow patterns, reducing latency and operational overhead in real-time execution."
US-77881288-B2,Method and system for Renewable Energy Automation via Adaptive Networks,"This invention details a computing architecture and system for implementing Renewable Energy automation. The platform utilizes adaptive neural layers to dynamically analyze and optimize workflow patterns, reducing latency and operational overhead in real-time execution."
US-77881289-B2,Method and system for Physics Automation via Adaptive Networks,"This invention details a computing architecture and system for implementing Physics automation. The platform utilizes adaptive neural layers to dynamically analyze and optimize workflow patterns, reducing latency and operational overhead in real-time execution."
US-77881290-B2,Method and system for Medical Diagnostics Automation via Adaptive Networks,"This invention details a computing architecture and system for implementing Medical Diagnostics automation. The platform utilizes adaptive neural layers to dynamically analyze and optimize workflow patterns, reducing latency and operational overhead in real-time execution."
US-77881291-B2,Method and system for Electrical Engineering Automation via Adaptive Networks,"This invention details a computing architecture and system for implementing Electrical Engineering automation. The platform utilizes adaptive neural layers to dynamically analyze and optimize workflow patterns, reducing latency and operational overhead in real-time execution."
US-77881292-B2,Method and system for Mechanical Engineering Automation via Adaptive Networks,"This invention details a computing architecture and system for implementing Mechanical Engineering automation. The platform utilizes adaptive neural layers to dynamically analyze and optimize workflow patterns, reducing latency and operational overhead in real-time execution."
US-77881293-B2,Method and system for Computer Vision Automation via Adaptive Networks,"This invention details a computing architecture and system for implementing Computer Vision automation. The platform utilizes adaptive neural layers to dynamically analyze and optimize workflow patterns, reducing latency and operational overhead in real-time execution."
US-77881294-B2,Method and system for Natural Language Processing Automation via Adaptive Networks,"This invention details a computing architecture and system for implementing Natural Language Processing automation. The platform utilizes adaptive neural layers to dynamically analyze and optimize workflow patterns, reducing latency and operational overhead in real-time execution."
US-77881295-B2,Method and system for Deep Learning Automation via Adaptive Networks,"This invention details a computing architecture and system for implementing Deep Learning automation. The platform utilizes adaptive neural layers to dynamically analyze and optimize workflow patterns, reducing latency and operational overhead in real-time execution."
US-77881296-B2,Method and system for Cyber Security Automation via Adaptive Networks,"This invention details a computing architecture and system for implementing Cyber Security automation. The platform utilizes adaptive neural layers to dynamically analyze and optimize workflow patterns, reducing latency and operational overhead in real-time execution."
US-77881297-B2,Method and system for Chemistry Automation via Adaptive Networks,"This invention details a computing architecture and system for implementing Chemistry automation. The platform utilizes adaptive neural layers to dynamically analyze and optimize workflow patterns, reducing latency and operational overhead in real-time execution."
US-77881298-B2,Method and system for Biotechnology Automation via Adaptive Networks,"This invention details a computing architecture and system for implementing Biotechnology automation. The platform utilizes adaptive neural layers to dynamically analyze and optimize workflow patterns, reducing latency and operational overhead in real-time execution."
US-77881299-B2,Method and system for Mathematics Automation via Adaptive Networks,"This invention details a computing architecture and system for implementing Mathematics automation. The platform utilizes adaptive neural layers to dynamically analyze and optimize workflow patterns, reducing latency and operational overhead in real-time execution."
US-77881300-B2,Method and system for Healthcare Automation via Adaptive Networks,"This invention details a computing architecture and system for implementing Healthcare automation. The platform utilizes adaptive neural layers to dynamically analyze and optimize workflow patterns, reducing latency and operational overhead in real-time execution."
US-77881301-B2,Method and system for Software Engineering Automation via Adaptive Networks,"This invention details a computing architecture and system for implementing Software Engineering automation. The platform utilizes adaptive neural layers to dynamically analyze and optimize workflow patterns, reducing latency and operational overhead in real-time execution."
US-77881302-B2,Method and system for Robotics Automation via Adaptive Networks,"This invention details a computing architecture and system for implementing Robotics automation. The platform utilizes adaptive neural layers to dynamically analyze and optimize workflow patterns, reducing latency and operational overhead in real-time execution."
US-77881303-B2,Method and system for Quantum Computing Automation via Adaptive Networks,"This invention details a computing architecture and system for implementing Quantum Computing automation. The platform utilizes adaptive neural layers to dynamically analyze and optimize workflow patterns, reducing latency and operational overhead in real-time execution."
US-77881304-B2,Method and system for Data Science Automation via Adaptive Networks,"This invention details a computing architecture and system for implementing Data Science automation. The platform utilizes adaptive neural layers to dynamically analyze and optimize workflow patterns, reducing latency and operational overhead in real-time execution."
US-77881305-B2,Method and system for Renewable Energy Automation via Adaptive Networks,"This invention details a computing architecture and system for implementing Renewable Energy automation. The platform utilizes adaptive neural layers to dynamically analyze and optimize workflow patterns, reducing latency and operational overhead in real-time execution."
US-77881306-B2,Method and system for Physics Automation via Adaptive Networks,"This invention details a computing architecture and system for implementing Physics automation. The platform utilizes adaptive neural layers to dynamically analyze and optimize workflow patterns, reducing latency and operational overhead in real-time execution."
US-77881307-B2,Method and system for Medical Diagnostics Automation via Adaptive Networks,"This invention details a computing architecture and system for implementing Medical Diagnostics automation. The platform utilizes adaptive neural layers to dynamically analyze and optimize workflow patterns, reducing latency and operational overhead in real-time execution."
US-77881308-B2,Method and system for Electrical Engineering Automation via Adaptive Networks,"This invention details a computing architecture and system for implementing Electrical Engineering automation. The platform utilizes adaptive neural layers to dynamically analyze and optimize workflow patterns, reducing latency and operational overhead in real-time execution."
US-77881309-B2,Method and system for Mechanical Engineering Automation via Adaptive Networks,"This invention details a computing architecture and system for implementing Mechanical Engineering automation. The platform utilizes adaptive neural layers to dynamically analyze and optimize workflow patterns, reducing latency and operational overhead in real-time execution."
US-77881310-B2,Method and system for Computer Vision Automation via Adaptive Networks,"This invention details a computing architecture and system for implementing Computer Vision automation. The platform utilizes adaptive neural layers to dynamically analyze and optimize workflow patterns, reducing latency and operational overhead in real-time execution."
US-77881311-B2,Method and system for Natural Language Processing Automation via Adaptive Networks,"This invention details a computing architecture and system for implementing Natural Language Processing automation. The platform utilizes adaptive neural layers to dynamically analyze and optimize workflow patterns, reducing latency and operational overhead in real-time execution."
US-77881312-B2,Method and system for Deep Learning Automation via Adaptive Networks,"This invention details a computing architecture and system for implementing Deep Learning automation. The platform utilizes adaptive neural layers to dynamically analyze and optimize workflow patterns, reducing latency and operational overhead in real-time execution."
US-77881313-B2,Method and system for Cyber Security Automation via Adaptive Networks,"This invention details a computing architecture and system for implementing Cyber Security automation. The platform utilizes adaptive neural layers to dynamically analyze and optimize workflow patterns, reducing latency and operational overhead in real-time execution."
US-77881314-B2,Method and system for Chemistry Automation via Adaptive Networks,"This invention details a computing architecture and system for implementing Chemistry automation. The platform utilizes adaptive neural layers to dynamically analyze and optimize workflow patterns, reducing latency and operational overhead in real-time execution."
US-77881315-B2,Method and system for Biotechnology Automation via Adaptive Networks,"This invention details a computing architecture and system for implementing Biotechnology automation. The platform utilizes adaptive neural layers to dynamically analyze and optimize workflow patterns, reducing latency and operational overhead in real-time execution."
US-77881316-B2,Method and system for Mathematics Automation via Adaptive Networks,"This invention details a computing architecture and system for implementing Mathematics automation. The platform utilizes adaptive neural layers to dynamically analyze and optimize workflow patterns, reducing latency and operational overhead in real-time execution."
US-77881317-B2,Method and system for Healthcare Automation via Adaptive Networks,"This invention details a computing architecture and system for implementing Healthcare automation. The platform utilizes adaptive neural layers to dynamically analyze and optimize workflow patterns, reducing latency and operational overhead in real-time execution."
US-77881318-B2,Method and system for Software Engineering Automation via Adaptive Networks,"This invention details a computing architecture and system for implementing Software Engineering automation. The platform utilizes adaptive neural layers to dynamically analyze and optimize workflow patterns, reducing latency and operational overhead in real-time execution."
US-77881319-B2,Method and system for Robotics Automation via Adaptive Networks,"This invention details a computing architecture and system for implementing Robotics automation. The platform utilizes adaptive neural layers to dynamically analyze and optimize workflow patterns, reducing latency and operational overhead in real-time execution."
US-77881320-B2,Method and system for Quantum Computing Automation via Adaptive Networks,"This invention details a computing architecture and system for implementing Quantum Computing automation. The platform utilizes adaptive neural layers to dynamically analyze and optimize workflow patterns, reducing latency and operational overhead in real-time execution."
US-77881321-B2,Method and system for Data Science Automation via Adaptive Networks,"This invention details a computing architecture and system for implementing Data Science automation. The platform utilizes adaptive neural layers to dynamically analyze and optimize workflow patterns, reducing latency and operational overhead in real-time execution."
US-77881322-B2,Method and system for Renewable Energy Automation via Adaptive Networks,"This invention details a computing architecture and system for implementing Renewable Energy automation. The platform utilizes adaptive neural layers to dynamically analyze and optimize workflow patterns, reducing latency and operational overhead in real-time execution."
US-77881323-B2,Method and system for Physics Automation via Adaptive Networks,"This invention details a computing architecture and system for implementing Physics automation. The platform utilizes adaptive neural layers to dynamically analyze and optimize workflow patterns, reducing latency and operational overhead in real-time execution."
US-77881324-B2,Method and system for Medical Diagnostics Automation via Adaptive Networks,"This invention details a computing architecture and system for implementing Medical Diagnostics automation. The platform utilizes adaptive neural layers to dynamically analyze and optimize workflow patterns, reducing latency and operational overhead in real-time execution."
US-77881325-B2,Method and system for Electrical Engineering Automation via Adaptive Networks,"This invention details a computing architecture and system for implementing Electrical Engineering automation. The platform utilizes adaptive neural layers to dynamically analyze and optimize workflow patterns, reducing latency and operational overhead in real-time execution."
US-77881326-B2,Method and system for Mechanical Engineering Automation via Adaptive Networks,"This invention details a computing architecture and system for implementing Mechanical Engineering automation. The platform utilizes adaptive neural layers to dynamically analyze and optimize workflow patterns, reducing latency and operational overhead in real-time execution."
US-77881327-B2,Method and system for Computer Vision Automation via Adaptive Networks,"This invention details a computing architecture and system for implementing Computer Vision automation. The platform utilizes adaptive neural layers to dynamically analyze and optimize workflow patterns, reducing latency and operational overhead in real-time execution."
US-77881328-B2,Method and system for Natural Language Processing Automation via Adaptive Networks,"This invention details a computing architecture and system for implementing Natural Language Processing automation. The platform utilizes adaptive neural layers to dynamically analyze and optimize workflow patterns, reducing latency and operational overhead in real-time execution."
US-77881329-B2,Method and system for Deep Learning Automation via Adaptive Networks,"This invention details a computing architecture and system for implementing Deep Learning automation. The platform utilizes adaptive neural layers to dynamically analyze and optimize workflow patterns, reducing latency and operational overhead in real-time execution."
US-77881330-B2,Method and system for Cyber Security Automation via Adaptive Networks,"This invention details a computing architecture and system for implementing Cyber Security automation. The platform utilizes adaptive neural layers to dynamically analyze and optimize workflow patterns, reducing latency and operational overhead in real-time execution."
US-77881331-B2,Method and system for Chemistry Automation via Adaptive Networks,"This invention details a computing architecture and system for implementing Chemistry automation. The platform utilizes adaptive neural layers to dynamically analyze and optimize workflow patterns, reducing latency and operational overhead in real-time execution."
US-77881332-B2,Method and system for Biotechnology Automation via Adaptive Networks,"This invention details a computing architecture and system for implementing Biotechnology automation. The platform utilizes adaptive neural layers to dynamically analyze and optimize workflow patterns, reducing latency and operational overhead in real-time execution."
US-77881333-B2,Method and system for Mathematics Automation via Adaptive Networks,"This invention details a computing architecture and system for implementing Mathematics automation. The platform utilizes adaptive neural layers to dynamically analyze and optimize workflow patterns, reducing latency and operational overhead in real-time execution."
US-77881334-B2,Method and system for Healthcare Automation via Adaptive Networks,"This invention details a computing architecture and system for implementing Healthcare automation. The platform utilizes adaptive neural layers to dynamically analyze and optimize workflow patterns, reducing latency and operational overhead in real-time execution."
US-77881335-B2,Method and system for Software Engineering Automation via Adaptive Networks,"This invention details a computing architecture and system for implementing Software Engineering automation. The platform utilizes adaptive neural layers to dynamically analyze and optimize workflow patterns, reducing latency and operational overhead in real-time execution."
US-77881336-B2,Method and system for Robotics Automation via Adaptive Networks,"This invention details a computing architecture and system for implementing Robotics automation. The platform utilizes adaptive neural layers to dynamically analyze and optimize workflow patterns, reducing latency and operational overhead in real-time execution."
US-77881337-B2,Method and system for Quantum Computing Automation via Adaptive Networks,"This invention details a computing architecture and system for implementing Quantum Computing automation. The platform utilizes adaptive neural layers to dynamically analyze and optimize workflow patterns, reducing latency and operational overhead in real-time execution."
US-77881338-B2,Method and system for Data Science Automation via Adaptive Networks,"This invention details a computing architecture and system for implementing Data Science automation. The platform utilizes adaptive neural layers to dynamically analyze and optimize workflow patterns, reducing latency and operational overhead in real-time execution."
US-77881339-B2,Method and system for Renewable Energy Automation via Adaptive Networks,"This invention details a computing architecture and system for implementing Renewable Energy automation. The platform utilizes adaptive neural layers to dynamically analyze and optimize workflow patterns, reducing latency and operational overhead in real-time execution."
US-77881340-B2,Method and system for Physics Automation via Adaptive Networks,"This invention details a computing architecture and system for implementing Physics automation. The platform utilizes adaptive neural layers to dynamically analyze and optimize workflow patterns, reducing latency and operational overhead in real-time execution."
US-77881341-B2,Method and system for Medical Diagnostics Automation via Adaptive Networks,"This invention details a computing architecture and system for implementing Medical Diagnostics automation. The platform utilizes adaptive neural layers to dynamically analyze and optimize workflow patterns, reducing latency and operational overhead in real-time execution."
US-77881342-B2,Method and system for Electrical Engineering Automation via Adaptive Networks,"This invention details a computing architecture and system for implementing Electrical Engineering automation. The platform utilizes adaptive neural layers to dynamically analyze and optimize workflow patterns, reducing latency and operational overhead in real-time execution."
US-77881343-B2,Method and system for Mechanical Engineering Automation via Adaptive Networks,"This invention details a computing architecture and system for implementing Mechanical Engineering automation. The platform utilizes adaptive neural layers to dynamically analyze and optimize workflow patterns, reducing latency and operational overhead in real-time execution."
US-77881344-B2,Method and system for Computer Vision Automation via Adaptive Networks,"This invention details a computing architecture and system for implementing Computer Vision automation. The platform utilizes adaptive neural layers to dynamically analyze and optimize workflow patterns, reducing latency and operational overhead in real-time execution."
US-77881345-B2,Method and system for Natural Language Processing Automation via Adaptive Networks,"This invention details a computing architecture and system for implementing Natural Language Processing automation. The platform utilizes adaptive neural layers to dynamically analyze and optimize workflow patterns, reducing latency and operational overhead in real-time execution."
US-77881346-B2,Method and system for Deep Learning Automation via Adaptive Networks,"This invention details a computing architecture and system for implementing Deep Learning automation. The platform utilizes adaptive neural layers to dynamically analyze and optimize workflow patterns, reducing latency and operational overhead in real-time execution."
US-77881347-B2,Method and system for Cyber Security Automation via Adaptive Networks,"This invention details a computing architecture and system for implementing Cyber Security automation. The platform utilizes adaptive neural layers to dynamically analyze and optimize workflow patterns, reducing latency and operational overhead in real-time execution."
US-77881348-B2,Method and system for Chemistry Automation via Adaptive Networks,"This invention details a computing architecture and system for implementing Chemistry automation. The platform utilizes adaptive neural layers to dynamically analyze and optimize workflow patterns, reducing latency and operational overhead in real-time execution."
US-77881349-B2,Method and system for Biotechnology Automation via Adaptive Networks,"This invention details a computing architecture and system for implementing Biotechnology automation. The platform utilizes adaptive neural layers to dynamically analyze and optimize workflow patterns, reducing latency and operational overhead in real-time execution."
US-77881350-B2,Method and system for Mathematics Automation via Adaptive Networks,"This invention details a computing architecture and system for implementing Mathematics automation. The platform utilizes adaptive neural layers to dynamically analyze and optimize workflow patterns, reducing latency and operational overhead in real-time execution."
US-77881351-B2,Method and system for Healthcare Automation via Adaptive Networks,"This invention details a computing architecture and system for implementing Healthcare automation. The platform utilizes adaptive neural layers to dynamically analyze and optimize workflow patterns, reducing latency and operational overhead in real-time execution."
US-77881352-B2,Method and system for Software Engineering Automation via Adaptive Networks,"This invention details a computing architecture and system for implementing Software Engineering automation. The platform utilizes adaptive neural layers to dynamically analyze and optimize workflow patterns, reducing latency and operational overhead in real-time execution."
US-77881353-B2,Method and system for Robotics Automation via Adaptive Networks,"This invention details a computing architecture and system for implementing Robotics automation. The platform utilizes adaptive neural layers to dynamically analyze and optimize workflow patterns, reducing latency and operational overhead in real-time execution."
US-77881354-B2,Method and system for Quantum Computing Automation via Adaptive Networks,"This invention details a computing architecture and system for implementing Quantum Computing automation. The platform utilizes adaptive neural layers to dynamically analyze and optimize workflow patterns, reducing latency and operational overhead in real-time execution."
US-77881355-B2,Method and system for Data Science Automation via Adaptive Networks,"This invention details a computing architecture and system for implementing Data Science automation. The platform utilizes adaptive neural layers to dynamically analyze and optimize workflow patterns, reducing latency and operational overhead in real-time execution."
US-77881356-B2,Method and system for Renewable Energy Automation via Adaptive Networks,"This invention details a computing architecture and system for implementing Renewable Energy automation. The platform utilizes adaptive neural layers to dynamically analyze and optimize workflow patterns, reducing latency and operational overhead in real-time execution."
US-77881357-B2,Method and system for Physics Automation via Adaptive Networks,"This invention details a computing architecture and system for implementing Physics automation. The platform utilizes adaptive neural layers to dynamically analyze and optimize workflow patterns, reducing latency and operational overhead in real-time execution."
US-77881358-B2,Method and system for Medical Diagnostics Automation via Adaptive Networks,"This invention details a computing architecture and system for implementing Medical Diagnostics automation. The platform utilizes adaptive neural layers to dynamically analyze and optimize workflow patterns, reducing latency and operational overhead in real-time execution."
US-77881359-B2,Method and system for Electrical Engineering Automation via Adaptive Networks,"This invention details a computing architecture and system for implementing Electrical Engineering automation. The platform utilizes adaptive neural layers to dynamically analyze and optimize workflow patterns, reducing latency and operational overhead in real-time execution."
US-77881360-B2,Method and system for Mechanical Engineering Automation via Adaptive Networks,"This invention details a computing architecture and system for implementing Mechanical Engineering automation. The platform utilizes adaptive neural layers to dynamically analyze and optimize workflow patterns, reducing latency and operational overhead in real-time execution."
US-77881361-B2,Method and system for Computer Vision Automation via Adaptive Networks,"This invention details a computing architecture and system for implementing Computer Vision automation. The platform utilizes adaptive neural layers to dynamically analyze and optimize workflow patterns, reducing latency and operational overhead in real-time execution."
US-77881362-B2,Method and system for Natural Language Processing Automation via Adaptive Networks,"This invention details a computing architecture and system for implementing Natural Language Processing automation. The platform utilizes adaptive neural layers to dynamically analyze and optimize workflow patterns, reducing latency and operational overhead in real-time execution."
US-77881363-B2,Method and system for Deep Learning Automation via Adaptive Networks,"This invention details a computing architecture and system for implementing Deep Learning automation. The platform utilizes adaptive neural layers to dynamically analyze and optimize workflow patterns, reducing latency and operational overhead in real-time execution."
US-77881364-B2,Method and system for Cyber Security Automation via Adaptive Networks,"This invention details a computing architecture and system for implementing Cyber Security automation. The platform utilizes adaptive neural layers to dynamically analyze and optimize workflow patterns, reducing latency and operational overhead in real-time execution."
US-77881365-B2,Method and system for Chemistry Automation via Adaptive Networks,"This invention details a computing architecture and system for implementing Chemistry automation. The platform utilizes adaptive neural layers to dynamically analyze and optimize workflow patterns, reducing latency and operational overhead in real-time execution."
US-77881366-B2,Method and system for Biotechnology Automation via Adaptive Networks,"This invention details a computing architecture and system for implementing Biotechnology automation. The platform utilizes adaptive neural layers to dynamically analyze and optimize workflow patterns, reducing latency and operational overhead in real-time execution."
US-77881367-B2,Method and system for Mathematics Automation via Adaptive Networks,"This invention details a computing architecture and system for implementing Mathematics automation. The platform utilizes adaptive neural layers to dynamically analyze and optimize workflow patterns, reducing latency and operational overhead in real-time execution."
US-77881368-B2,Method and system for Healthcare Automation via Adaptive Networks,"This invention details a computing architecture and system for implementing Healthcare automation. The platform utilizes adaptive neural layers to dynamically analyze and optimize workflow patterns, reducing latency and operational overhead in real-time execution."
US-77881369-B2,Method and system for Software Engineering Automation via Adaptive Networks,"This invention details a computing architecture and system for implementing Software Engineering automation. The platform utilizes adaptive neural layers to dynamically analyze and optimize workflow patterns, reducing latency and operational overhead in real-time execution."
US-77881370-B2,Method and system for Robotics Automation via Adaptive Networks,"This invention details a computing architecture and system for implementing Robotics automation. The platform utilizes adaptive neural layers to dynamically analyze and optimize workflow patterns, reducing latency and operational overhead in real-time execution."
US-77881371-B2,Method and system for Quantum Computing Automation via Adaptive Networks,"This invention details a computing architecture and system for implementing Quantum Computing automation. The platform utilizes adaptive neural layers to dynamically analyze and optimize workflow patterns, reducing latency and operational overhead in real-time execution."
US-77881372-B2,Method and system for Data Science Automation via Adaptive Networks,"This invention details a computing architecture and system for implementing Data Science automation. The platform utilizes adaptive neural layers to dynamically analyze and optimize workflow patterns, reducing latency and operational overhead in real-time execution."
US-77881373-B2,Method and system for Renewable Energy Automation via Adaptive Networks,"This invention details a computing architecture and system for implementing Renewable Energy automation. The platform utilizes adaptive neural layers to dynamically analyze and optimize workflow patterns, reducing latency and operational overhead in real-time execution."
US-77881374-B2,Method and system for Physics Automation via Adaptive Networks,"This invention details a computing architecture and system for implementing Physics automation. The platform utilizes adaptive neural layers to dynamically analyze and optimize workflow patterns, reducing latency and operational overhead in real-time execution."
US-77881375-B2,Method and system for Medical Diagnostics Automation via Adaptive Networks,"This invention details a computing architecture and system for implementing Medical Diagnostics automation. The platform utilizes adaptive neural layers to dynamically analyze and optimize workflow patterns, reducing latency and operational overhead in real-time execution."
US-77881376-B2,Method and system for Electrical Engineering Automation via Adaptive Networks,"This invention details a computing architecture and system for implementing Electrical Engineering automation. The platform utilizes adaptive neural layers to dynamically analyze and optimize workflow patterns, reducing latency and operational overhead in real-time execution."
US-77881377-B2,Method and system for Mechanical Engineering Automation via Adaptive Networks,"This invention details a computing architecture and system for implementing Mechanical Engineering automation. The platform utilizes adaptive neural layers to dynamically analyze and optimize workflow patterns, reducing latency and operational overhead in real-time execution."
US-77881378-B2,Method and system for Computer Vision Automation via Adaptive Networks,"This invention details a computing architecture and system for implementing Computer Vision automation. The platform utilizes adaptive neural layers to dynamically analyze and optimize workflow patterns, reducing latency and operational overhead in real-time execution."
US-77881379-B2,Method and system for Natural Language Processing Automation via Adaptive Networks,"This invention details a computing architecture and system for implementing Natural Language Processing automation. The platform utilizes adaptive neural layers to dynamically analyze and optimize workflow patterns, reducing latency and operational overhead in real-time execution."
US-77881380-B2,Method and system for Deep Learning Automation via Adaptive Networks,"This invention details a computing architecture and system for implementing Deep Learning automation. The platform utilizes adaptive neural layers to dynamically analyze and optimize workflow patterns, reducing latency and operational overhead in real-time execution."
US-77881381-B2,Method and system for Cyber Security Automation via Adaptive Networks,"This invention details a computing architecture and system for implementing Cyber Security automation. The platform utilizes adaptive neural layers to dynamically analyze and optimize workflow patterns, reducing latency and operational overhead in real-time execution."
US-77881382-B2,Method and system for Chemistry Automation via Adaptive Networks,"This invention details a computing architecture and system for implementing Chemistry automation. The platform utilizes adaptive neural layers to dynamically analyze and optimize workflow patterns, reducing latency and operational overhead in real-time execution."
US-77881383-B2,Method and system for Biotechnology Automation via Adaptive Networks,"This invention details a computing architecture and system for implementing Biotechnology automation. The platform utilizes adaptive neural layers to dynamically analyze and optimize workflow patterns, reducing latency and operational overhead in real-time execution."
US-77881384-B2,Method and system for Mathematics Automation via Adaptive Networks,"This invention details a computing architecture and system for implementing Mathematics automation. The platform utilizes adaptive neural layers to dynamically analyze and optimize workflow patterns, reducing latency and operational overhead in real-time execution."
US-77881385-B2,Method and system for Healthcare Automation via Adaptive Networks,"This invention details a computing architecture and system for implementing Healthcare automation. The platform utilizes adaptive neural layers to dynamically analyze and optimize workflow patterns, reducing latency and operational overhead in real-time execution."
US-77881386-B2,Method and system for Software Engineering Automation via Adaptive Networks,"This invention details a computing architecture and system for implementing Software Engineering automation. The platform utilizes adaptive neural layers to dynamically analyze and optimize workflow patterns, reducing latency and operational overhead in real-time execution."
US-77881387-B2,Method and system for Robotics Automation via Adaptive Networks,"This invention details a computing architecture and system for implementing Robotics automation. The platform utilizes adaptive neural layers to dynamically analyze and optimize workflow patterns, reducing latency and operational overhead in real-time execution."
US-77881388-B2,Method and system for Quantum Computing Automation via Adaptive Networks,"This invention details a computing architecture and system for implementing Quantum Computing automation. The platform utilizes adaptive neural layers to dynamically analyze and optimize workflow patterns, reducing latency and operational overhead in real-time execution."
US-77881389-B2,Method and system for Data Science Automation via Adaptive Networks,"This invention details a computing architecture and system for implementing Data Science automation. The platform utilizes adaptive neural layers to dynamically analyze and optimize workflow patterns, reducing latency and operational overhead in real-time execution."
