grant_id,title,funder,amount,description,deadline,url
GRANT-2026500,Research Grant: Next-Generation Electrical Engineering Core Systems,National Science Foundation (NSF),"$300,000","This funding opportunity aims to accelerate research in the field of Electrical Engineering. Proposals should focus on novel algorithmic designs, data scalability, and energy-efficient hardware implementations.",2026-11-15,https://www.grants.gov/search-grants?id=100000
GRANT-2026501,Research Grant: Next-Generation Mechanical Engineering Core Systems,National Science Foundation (NSF),"$315,000","This funding opportunity aims to accelerate research in the field of Mechanical Engineering. Proposals should focus on novel algorithmic designs, data scalability, and energy-efficient hardware implementations.",2026-11-15,https://www.grants.gov/search-grants?id=100001
GRANT-2026502,Research Grant: Next-Generation Computer Vision Core Systems,National Science Foundation (NSF),"$330,000","This funding opportunity aims to accelerate research in the field of Computer Vision. Proposals should focus on novel algorithmic designs, data scalability, and energy-efficient hardware implementations.",2026-11-15,https://www.grants.gov/search-grants?id=100002
GRANT-2026503,Research Grant: Next-Generation Natural Language Processing Core Systems,National Science Foundation (NSF),"$345,000","This funding opportunity aims to accelerate research in the field of Natural Language Processing. Proposals should focus on novel algorithmic designs, data scalability, and energy-efficient hardware implementations.",2026-11-15,https://www.grants.gov/search-grants?id=100003
GRANT-2026504,Research Grant: Next-Generation Deep Learning Core Systems,National Science Foundation (NSF),"$360,000","This funding opportunity aims to accelerate research in the field of Deep Learning. Proposals should focus on novel algorithmic designs, data scalability, and energy-efficient hardware implementations.",2026-11-15,https://www.grants.gov/search-grants?id=100004
GRANT-2026505,Research Grant: Next-Generation Cyber Security Core Systems,National Science Foundation (NSF),"$375,000","This funding opportunity aims to accelerate research in the field of Cyber Security. Proposals should focus on novel algorithmic designs, data scalability, and energy-efficient hardware implementations.",2026-11-15,https://www.grants.gov/search-grants?id=100005
GRANT-2026506,Research Grant: Next-Generation Chemistry Core Systems,National Science Foundation (NSF),"$390,000","This funding opportunity aims to accelerate research in the field of Chemistry. Proposals should focus on novel algorithmic designs, data scalability, and energy-efficient hardware implementations.",2026-11-15,https://www.grants.gov/search-grants?id=100006
GRANT-2026507,Research Grant: Next-Generation Biotechnology Core Systems,National Science Foundation (NSF),"$405,000","This funding opportunity aims to accelerate research in the field of Biotechnology. Proposals should focus on novel algorithmic designs, data scalability, and energy-efficient hardware implementations.",2026-11-15,https://www.grants.gov/search-grants?id=100007
GRANT-2026508,Research Grant: Next-Generation Mathematics Core Systems,National Science Foundation (NSF),"$420,000","This funding opportunity aims to accelerate research in the field of Mathematics. Proposals should focus on novel algorithmic designs, data scalability, and energy-efficient hardware implementations.",2026-11-15,https://www.grants.gov/search-grants?id=100008
GRANT-2026509,Research Grant: Next-Generation Healthcare Core Systems,National Science Foundation (NSF),"$435,000","This funding opportunity aims to accelerate research in the field of Healthcare. Proposals should focus on novel algorithmic designs, data scalability, and energy-efficient hardware implementations.",2026-11-15,https://www.grants.gov/search-grants?id=100009
GRANT-2026510,Research Grant: Next-Generation Software Engineering Core Systems,National Science Foundation (NSF),"$450,000","This funding opportunity aims to accelerate research in the field of Software Engineering. Proposals should focus on novel algorithmic designs, data scalability, and energy-efficient hardware implementations.",2026-11-15,https://www.grants.gov/search-grants?id=100010
GRANT-2026511,Research Grant: Next-Generation Robotics Core Systems,National Science Foundation (NSF),"$465,000","This funding opportunity aims to accelerate research in the field of Robotics. Proposals should focus on novel algorithmic designs, data scalability, and energy-efficient hardware implementations.",2026-11-15,https://www.grants.gov/search-grants?id=100011
GRANT-2026512,Research Grant: Next-Generation Quantum Computing Core Systems,National Science Foundation (NSF),"$480,000","This funding opportunity aims to accelerate research in the field of Quantum Computing. Proposals should focus on novel algorithmic designs, data scalability, and energy-efficient hardware implementations.",2026-11-15,https://www.grants.gov/search-grants?id=100012
GRANT-2026513,Research Grant: Next-Generation Data Science Core Systems,National Science Foundation (NSF),"$495,000","This funding opportunity aims to accelerate research in the field of Data Science. Proposals should focus on novel algorithmic designs, data scalability, and energy-efficient hardware implementations.",2026-11-15,https://www.grants.gov/search-grants?id=100013
GRANT-2026514,Research Grant: Next-Generation Renewable Energy Core Systems,National Science Foundation (NSF),"$510,000","This funding opportunity aims to accelerate research in the field of Renewable Energy. Proposals should focus on novel algorithmic designs, data scalability, and energy-efficient hardware implementations.",2026-11-15,https://www.grants.gov/search-grants?id=100014
GRANT-2026515,Research Grant: Next-Generation Physics Core Systems,National Science Foundation (NSF),"$525,000","This funding opportunity aims to accelerate research in the field of Physics. Proposals should focus on novel algorithmic designs, data scalability, and energy-efficient hardware implementations.",2026-11-15,https://www.grants.gov/search-grants?id=100015
GRANT-2026516,Research Grant: Next-Generation Medical Diagnostics Core Systems,National Science Foundation (NSF),"$540,000","This funding opportunity aims to accelerate research in the field of Medical Diagnostics. Proposals should focus on novel algorithmic designs, data scalability, and energy-efficient hardware implementations.",2026-11-15,https://www.grants.gov/search-grants?id=100016
GRANT-2026517,Research Grant: Next-Generation Electrical Engineering Core Systems,National Science Foundation (NSF),"$555,000","This funding opportunity aims to accelerate research in the field of Electrical Engineering. Proposals should focus on novel algorithmic designs, data scalability, and energy-efficient hardware implementations.",2026-11-15,https://www.grants.gov/search-grants?id=100017
GRANT-2026518,Research Grant: Next-Generation Mechanical Engineering Core Systems,National Science Foundation (NSF),"$570,000","This funding opportunity aims to accelerate research in the field of Mechanical Engineering. Proposals should focus on novel algorithmic designs, data scalability, and energy-efficient hardware implementations.",2026-11-15,https://www.grants.gov/search-grants?id=100018
GRANT-2026519,Research Grant: Next-Generation Computer Vision Core Systems,National Science Foundation (NSF),"$585,000","This funding opportunity aims to accelerate research in the field of Computer Vision. Proposals should focus on novel algorithmic designs, data scalability, and energy-efficient hardware implementations.",2026-11-15,https://www.grants.gov/search-grants?id=100019
GRANT-2026520,Research Grant: Next-Generation Natural Language Processing Core Systems,National Science Foundation (NSF),"$600,000","This funding opportunity aims to accelerate research in the field of Natural Language Processing. Proposals should focus on novel algorithmic designs, data scalability, and energy-efficient hardware implementations.",2026-11-15,https://www.grants.gov/search-grants?id=100020
GRANT-2026521,Research Grant: Next-Generation Deep Learning Core Systems,National Science Foundation (NSF),"$615,000","This funding opportunity aims to accelerate research in the field of Deep Learning. Proposals should focus on novel algorithmic designs, data scalability, and energy-efficient hardware implementations.",2026-11-15,https://www.grants.gov/search-grants?id=100021
GRANT-2026522,Research Grant: Next-Generation Cyber Security Core Systems,National Science Foundation (NSF),"$630,000","This funding opportunity aims to accelerate research in the field of Cyber Security. Proposals should focus on novel algorithmic designs, data scalability, and energy-efficient hardware implementations.",2026-11-15,https://www.grants.gov/search-grants?id=100022
GRANT-2026523,Research Grant: Next-Generation Chemistry Core Systems,National Science Foundation (NSF),"$645,000","This funding opportunity aims to accelerate research in the field of Chemistry. Proposals should focus on novel algorithmic designs, data scalability, and energy-efficient hardware implementations.",2026-11-15,https://www.grants.gov/search-grants?id=100023
GRANT-2026524,Research Grant: Next-Generation Biotechnology Core Systems,National Science Foundation (NSF),"$660,000","This funding opportunity aims to accelerate research in the field of Biotechnology. Proposals should focus on novel algorithmic designs, data scalability, and energy-efficient hardware implementations.",2026-11-15,https://www.grants.gov/search-grants?id=100024
GRANT-2026525,Research Grant: Next-Generation Mathematics Core Systems,National Science Foundation (NSF),"$675,000","This funding opportunity aims to accelerate research in the field of Mathematics. Proposals should focus on novel algorithmic designs, data scalability, and energy-efficient hardware implementations.",2026-11-15,https://www.grants.gov/search-grants?id=100025
GRANT-2026526,Research Grant: Next-Generation Healthcare Core Systems,National Science Foundation (NSF),"$690,000","This funding opportunity aims to accelerate research in the field of Healthcare. Proposals should focus on novel algorithmic designs, data scalability, and energy-efficient hardware implementations.",2026-11-15,https://www.grants.gov/search-grants?id=100026
GRANT-2026527,Research Grant: Next-Generation Software Engineering Core Systems,National Science Foundation (NSF),"$705,000","This funding opportunity aims to accelerate research in the field of Software Engineering. Proposals should focus on novel algorithmic designs, data scalability, and energy-efficient hardware implementations.",2026-11-15,https://www.grants.gov/search-grants?id=100027
GRANT-2026528,Research Grant: Next-Generation Robotics Core Systems,National Science Foundation (NSF),"$720,000","This funding opportunity aims to accelerate research in the field of Robotics. Proposals should focus on novel algorithmic designs, data scalability, and energy-efficient hardware implementations.",2026-11-15,https://www.grants.gov/search-grants?id=100028
GRANT-2026529,Research Grant: Next-Generation Quantum Computing Core Systems,National Science Foundation (NSF),"$735,000","This funding opportunity aims to accelerate research in the field of Quantum Computing. Proposals should focus on novel algorithmic designs, data scalability, and energy-efficient hardware implementations.",2026-11-15,https://www.grants.gov/search-grants?id=100029
GRANT-2026530,Research Grant: Next-Generation Data Science Core Systems,National Science Foundation (NSF),"$750,000","This funding opportunity aims to accelerate research in the field of Data Science. Proposals should focus on novel algorithmic designs, data scalability, and energy-efficient hardware implementations.",2026-11-15,https://www.grants.gov/search-grants?id=100030
GRANT-2026531,Research Grant: Next-Generation Renewable Energy Core Systems,National Science Foundation (NSF),"$765,000","This funding opportunity aims to accelerate research in the field of Renewable Energy. Proposals should focus on novel algorithmic designs, data scalability, and energy-efficient hardware implementations.",2026-11-15,https://www.grants.gov/search-grants?id=100031
GRANT-2026532,Research Grant: Next-Generation Physics Core Systems,National Science Foundation (NSF),"$780,000","This funding opportunity aims to accelerate research in the field of Physics. Proposals should focus on novel algorithmic designs, data scalability, and energy-efficient hardware implementations.",2026-11-15,https://www.grants.gov/search-grants?id=100032
GRANT-2026533,Research Grant: Next-Generation Medical Diagnostics Core Systems,National Science Foundation (NSF),"$795,000","This funding opportunity aims to accelerate research in the field of Medical Diagnostics. Proposals should focus on novel algorithmic designs, data scalability, and energy-efficient hardware implementations.",2026-11-15,https://www.grants.gov/search-grants?id=100033
GRANT-2026534,Research Grant: Next-Generation Electrical Engineering Core Systems,National Science Foundation (NSF),"$810,000","This funding opportunity aims to accelerate research in the field of Electrical Engineering. Proposals should focus on novel algorithmic designs, data scalability, and energy-efficient hardware implementations.",2026-11-15,https://www.grants.gov/search-grants?id=100034
GRANT-2026535,Research Grant: Next-Generation Mechanical Engineering Core Systems,National Science Foundation (NSF),"$825,000","This funding opportunity aims to accelerate research in the field of Mechanical Engineering. Proposals should focus on novel algorithmic designs, data scalability, and energy-efficient hardware implementations.",2026-11-15,https://www.grants.gov/search-grants?id=100035
GRANT-2026536,Research Grant: Next-Generation Computer Vision Core Systems,National Science Foundation (NSF),"$840,000","This funding opportunity aims to accelerate research in the field of Computer Vision. Proposals should focus on novel algorithmic designs, data scalability, and energy-efficient hardware implementations.",2026-11-15,https://www.grants.gov/search-grants?id=100036
GRANT-2026537,Research Grant: Next-Generation Natural Language Processing Core Systems,National Science Foundation (NSF),"$855,000","This funding opportunity aims to accelerate research in the field of Natural Language Processing. Proposals should focus on novel algorithmic designs, data scalability, and energy-efficient hardware implementations.",2026-11-15,https://www.grants.gov/search-grants?id=100037
GRANT-2026538,Research Grant: Next-Generation Deep Learning Core Systems,National Science Foundation (NSF),"$870,000","This funding opportunity aims to accelerate research in the field of Deep Learning. Proposals should focus on novel algorithmic designs, data scalability, and energy-efficient hardware implementations.",2026-11-15,https://www.grants.gov/search-grants?id=100038
GRANT-2026539,Research Grant: Next-Generation Cyber Security Core Systems,National Science Foundation (NSF),"$885,000","This funding opportunity aims to accelerate research in the field of Cyber Security. Proposals should focus on novel algorithmic designs, data scalability, and energy-efficient hardware implementations.",2026-11-15,https://www.grants.gov/search-grants?id=100039
GRANT-2026540,Research Grant: Next-Generation Chemistry Core Systems,National Science Foundation (NSF),"$900,000","This funding opportunity aims to accelerate research in the field of Chemistry. Proposals should focus on novel algorithmic designs, data scalability, and energy-efficient hardware implementations.",2026-11-15,https://www.grants.gov/search-grants?id=100040
GRANT-2026541,Research Grant: Next-Generation Biotechnology Core Systems,National Science Foundation (NSF),"$915,000","This funding opportunity aims to accelerate research in the field of Biotechnology. Proposals should focus on novel algorithmic designs, data scalability, and energy-efficient hardware implementations.",2026-11-15,https://www.grants.gov/search-grants?id=100041
GRANT-2026542,Research Grant: Next-Generation Mathematics Core Systems,National Science Foundation (NSF),"$930,000","This funding opportunity aims to accelerate research in the field of Mathematics. Proposals should focus on novel algorithmic designs, data scalability, and energy-efficient hardware implementations.",2026-11-15,https://www.grants.gov/search-grants?id=100042
GRANT-2026543,Research Grant: Next-Generation Healthcare Core Systems,National Science Foundation (NSF),"$945,000","This funding opportunity aims to accelerate research in the field of Healthcare. Proposals should focus on novel algorithmic designs, data scalability, and energy-efficient hardware implementations.",2026-11-15,https://www.grants.gov/search-grants?id=100043
GRANT-2026544,Research Grant: Next-Generation Software Engineering Core Systems,National Science Foundation (NSF),"$960,000","This funding opportunity aims to accelerate research in the field of Software Engineering. Proposals should focus on novel algorithmic designs, data scalability, and energy-efficient hardware implementations.",2026-11-15,https://www.grants.gov/search-grants?id=100044
GRANT-2026545,Research Grant: Next-Generation Robotics Core Systems,National Science Foundation (NSF),"$975,000","This funding opportunity aims to accelerate research in the field of Robotics. Proposals should focus on novel algorithmic designs, data scalability, and energy-efficient hardware implementations.",2026-11-15,https://www.grants.gov/search-grants?id=100045
GRANT-2026546,Research Grant: Next-Generation Quantum Computing Core Systems,National Science Foundation (NSF),"$990,000","This funding opportunity aims to accelerate research in the field of Quantum Computing. Proposals should focus on novel algorithmic designs, data scalability, and energy-efficient hardware implementations.",2026-11-15,https://www.grants.gov/search-grants?id=100046
GRANT-2026547,Research Grant: Next-Generation Data Science Core Systems,National Science Foundation (NSF),"$1,005,000","This funding opportunity aims to accelerate research in the field of Data Science. Proposals should focus on novel algorithmic designs, data scalability, and energy-efficient hardware implementations.",2026-11-15,https://www.grants.gov/search-grants?id=100047
GRANT-2026548,Research Grant: Next-Generation Renewable Energy Core Systems,National Science Foundation (NSF),"$1,020,000","This funding opportunity aims to accelerate research in the field of Renewable Energy. Proposals should focus on novel algorithmic designs, data scalability, and energy-efficient hardware implementations.",2026-11-15,https://www.grants.gov/search-grants?id=100048
GRANT-2026549,Research Grant: Next-Generation Physics Core Systems,National Science Foundation (NSF),"$1,035,000","This funding opportunity aims to accelerate research in the field of Physics. Proposals should focus on novel algorithmic designs, data scalability, and energy-efficient hardware implementations.",2026-11-15,https://www.grants.gov/search-grants?id=100049
GRANT-2026550,Research Grant: Next-Generation Medical Diagnostics Core Systems,National Science Foundation (NSF),"$1,050,000","This funding opportunity aims to accelerate research in the field of Medical Diagnostics. Proposals should focus on novel algorithmic designs, data scalability, and energy-efficient hardware implementations.",2026-11-15,https://www.grants.gov/search-grants?id=100050
GRANT-2026551,Research Grant: Next-Generation Electrical Engineering Core Systems,National Science Foundation (NSF),"$1,065,000","This funding opportunity aims to accelerate research in the field of Electrical Engineering. Proposals should focus on novel algorithmic designs, data scalability, and energy-efficient hardware implementations.",2026-11-15,https://www.grants.gov/search-grants?id=100051
GRANT-2026552,Research Grant: Next-Generation Mechanical Engineering Core Systems,National Science Foundation (NSF),"$1,080,000","This funding opportunity aims to accelerate research in the field of Mechanical Engineering. Proposals should focus on novel algorithmic designs, data scalability, and energy-efficient hardware implementations.",2026-11-15,https://www.grants.gov/search-grants?id=100052
GRANT-2026553,Research Grant: Next-Generation Computer Vision Core Systems,National Science Foundation (NSF),"$1,095,000","This funding opportunity aims to accelerate research in the field of Computer Vision. Proposals should focus on novel algorithmic designs, data scalability, and energy-efficient hardware implementations.",2026-11-15,https://www.grants.gov/search-grants?id=100053
GRANT-2026554,Research Grant: Next-Generation Natural Language Processing Core Systems,National Science Foundation (NSF),"$1,110,000","This funding opportunity aims to accelerate research in the field of Natural Language Processing. Proposals should focus on novel algorithmic designs, data scalability, and energy-efficient hardware implementations.",2026-11-15,https://www.grants.gov/search-grants?id=100054
GRANT-2026555,Research Grant: Next-Generation Deep Learning Core Systems,National Science Foundation (NSF),"$1,125,000","This funding opportunity aims to accelerate research in the field of Deep Learning. Proposals should focus on novel algorithmic designs, data scalability, and energy-efficient hardware implementations.",2026-11-15,https://www.grants.gov/search-grants?id=100055
GRANT-2026556,Research Grant: Next-Generation Cyber Security Core Systems,National Science Foundation (NSF),"$1,140,000","This funding opportunity aims to accelerate research in the field of Cyber Security. Proposals should focus on novel algorithmic designs, data scalability, and energy-efficient hardware implementations.",2026-11-15,https://www.grants.gov/search-grants?id=100056
GRANT-2026557,Research Grant: Next-Generation Chemistry Core Systems,National Science Foundation (NSF),"$1,155,000","This funding opportunity aims to accelerate research in the field of Chemistry. Proposals should focus on novel algorithmic designs, data scalability, and energy-efficient hardware implementations.",2026-11-15,https://www.grants.gov/search-grants?id=100057
GRANT-2026558,Research Grant: Next-Generation Biotechnology Core Systems,National Science Foundation (NSF),"$1,170,000","This funding opportunity aims to accelerate research in the field of Biotechnology. Proposals should focus on novel algorithmic designs, data scalability, and energy-efficient hardware implementations.",2026-11-15,https://www.grants.gov/search-grants?id=100058
GRANT-2026559,Research Grant: Next-Generation Mathematics Core Systems,National Science Foundation (NSF),"$1,185,000","This funding opportunity aims to accelerate research in the field of Mathematics. Proposals should focus on novel algorithmic designs, data scalability, and energy-efficient hardware implementations.",2026-11-15,https://www.grants.gov/search-grants?id=100059
GRANT-2026560,Research Grant: Next-Generation Healthcare Core Systems,National Science Foundation (NSF),"$1,200,000","This funding opportunity aims to accelerate research in the field of Healthcare. Proposals should focus on novel algorithmic designs, data scalability, and energy-efficient hardware implementations.",2026-11-15,https://www.grants.gov/search-grants?id=100060
GRANT-2026561,Research Grant: Next-Generation Software Engineering Core Systems,National Science Foundation (NSF),"$1,215,000","This funding opportunity aims to accelerate research in the field of Software Engineering. Proposals should focus on novel algorithmic designs, data scalability, and energy-efficient hardware implementations.",2026-11-15,https://www.grants.gov/search-grants?id=100061
GRANT-2026562,Research Grant: Next-Generation Robotics Core Systems,National Science Foundation (NSF),"$1,230,000","This funding opportunity aims to accelerate research in the field of Robotics. Proposals should focus on novel algorithmic designs, data scalability, and energy-efficient hardware implementations.",2026-11-15,https://www.grants.gov/search-grants?id=100062
GRANT-2026563,Research Grant: Next-Generation Quantum Computing Core Systems,National Science Foundation (NSF),"$1,245,000","This funding opportunity aims to accelerate research in the field of Quantum Computing. Proposals should focus on novel algorithmic designs, data scalability, and energy-efficient hardware implementations.",2026-11-15,https://www.grants.gov/search-grants?id=100063
GRANT-2026564,Research Grant: Next-Generation Data Science Core Systems,National Science Foundation (NSF),"$1,260,000","This funding opportunity aims to accelerate research in the field of Data Science. Proposals should focus on novel algorithmic designs, data scalability, and energy-efficient hardware implementations.",2026-11-15,https://www.grants.gov/search-grants?id=100064
GRANT-2026565,Research Grant: Next-Generation Renewable Energy Core Systems,National Science Foundation (NSF),"$1,275,000","This funding opportunity aims to accelerate research in the field of Renewable Energy. Proposals should focus on novel algorithmic designs, data scalability, and energy-efficient hardware implementations.",2026-11-15,https://www.grants.gov/search-grants?id=100065
GRANT-2026566,Research Grant: Next-Generation Physics Core Systems,National Science Foundation (NSF),"$1,290,000","This funding opportunity aims to accelerate research in the field of Physics. Proposals should focus on novel algorithmic designs, data scalability, and energy-efficient hardware implementations.",2026-11-15,https://www.grants.gov/search-grants?id=100066
GRANT-2026567,Research Grant: Next-Generation Medical Diagnostics Core Systems,National Science Foundation (NSF),"$1,305,000","This funding opportunity aims to accelerate research in the field of Medical Diagnostics. Proposals should focus on novel algorithmic designs, data scalability, and energy-efficient hardware implementations.",2026-11-15,https://www.grants.gov/search-grants?id=100067
GRANT-2026568,Research Grant: Next-Generation Electrical Engineering Core Systems,National Science Foundation (NSF),"$1,320,000","This funding opportunity aims to accelerate research in the field of Electrical Engineering. Proposals should focus on novel algorithmic designs, data scalability, and energy-efficient hardware implementations.",2026-11-15,https://www.grants.gov/search-grants?id=100068
GRANT-2026569,Research Grant: Next-Generation Mechanical Engineering Core Systems,National Science Foundation (NSF),"$1,335,000","This funding opportunity aims to accelerate research in the field of Mechanical Engineering. Proposals should focus on novel algorithmic designs, data scalability, and energy-efficient hardware implementations.",2026-11-15,https://www.grants.gov/search-grants?id=100069
GRANT-2026570,Research Grant: Next-Generation Computer Vision Core Systems,National Science Foundation (NSF),"$1,350,000","This funding opportunity aims to accelerate research in the field of Computer Vision. Proposals should focus on novel algorithmic designs, data scalability, and energy-efficient hardware implementations.",2026-11-15,https://www.grants.gov/search-grants?id=100070
GRANT-2026571,Research Grant: Next-Generation Natural Language Processing Core Systems,National Science Foundation (NSF),"$1,365,000","This funding opportunity aims to accelerate research in the field of Natural Language Processing. Proposals should focus on novel algorithmic designs, data scalability, and energy-efficient hardware implementations.",2026-11-15,https://www.grants.gov/search-grants?id=100071
GRANT-2026572,Research Grant: Next-Generation Deep Learning Core Systems,National Science Foundation (NSF),"$1,380,000","This funding opportunity aims to accelerate research in the field of Deep Learning. Proposals should focus on novel algorithmic designs, data scalability, and energy-efficient hardware implementations.",2026-11-15,https://www.grants.gov/search-grants?id=100072
GRANT-2026573,Research Grant: Next-Generation Cyber Security Core Systems,National Science Foundation (NSF),"$1,395,000","This funding opportunity aims to accelerate research in the field of Cyber Security. Proposals should focus on novel algorithmic designs, data scalability, and energy-efficient hardware implementations.",2026-11-15,https://www.grants.gov/search-grants?id=100073
GRANT-2026574,Research Grant: Next-Generation Chemistry Core Systems,National Science Foundation (NSF),"$1,410,000","This funding opportunity aims to accelerate research in the field of Chemistry. Proposals should focus on novel algorithmic designs, data scalability, and energy-efficient hardware implementations.",2026-11-15,https://www.grants.gov/search-grants?id=100074
GRANT-2026575,Research Grant: Next-Generation Biotechnology Core Systems,National Science Foundation (NSF),"$1,425,000","This funding opportunity aims to accelerate research in the field of Biotechnology. Proposals should focus on novel algorithmic designs, data scalability, and energy-efficient hardware implementations.",2026-11-15,https://www.grants.gov/search-grants?id=100075
GRANT-2026576,Research Grant: Next-Generation Mathematics Core Systems,National Science Foundation (NSF),"$1,440,000","This funding opportunity aims to accelerate research in the field of Mathematics. Proposals should focus on novel algorithmic designs, data scalability, and energy-efficient hardware implementations.",2026-11-15,https://www.grants.gov/search-grants?id=100076
GRANT-2026577,Research Grant: Next-Generation Healthcare Core Systems,National Science Foundation (NSF),"$1,455,000","This funding opportunity aims to accelerate research in the field of Healthcare. Proposals should focus on novel algorithmic designs, data scalability, and energy-efficient hardware implementations.",2026-11-15,https://www.grants.gov/search-grants?id=100077
GRANT-2026578,Research Grant: Next-Generation Software Engineering Core Systems,National Science Foundation (NSF),"$1,470,000","This funding opportunity aims to accelerate research in the field of Software Engineering. Proposals should focus on novel algorithmic designs, data scalability, and energy-efficient hardware implementations.",2026-11-15,https://www.grants.gov/search-grants?id=100078
GRANT-2026579,Research Grant: Next-Generation Robotics Core Systems,National Science Foundation (NSF),"$1,485,000","This funding opportunity aims to accelerate research in the field of Robotics. Proposals should focus on novel algorithmic designs, data scalability, and energy-efficient hardware implementations.",2026-11-15,https://www.grants.gov/search-grants?id=100079
GRANT-2026580,Research Grant: Next-Generation Quantum Computing Core Systems,National Science Foundation (NSF),"$1,500,000","This funding opportunity aims to accelerate research in the field of Quantum Computing. Proposals should focus on novel algorithmic designs, data scalability, and energy-efficient hardware implementations.",2026-11-15,https://www.grants.gov/search-grants?id=100080
GRANT-2026581,Research Grant: Next-Generation Data Science Core Systems,National Science Foundation (NSF),"$1,515,000","This funding opportunity aims to accelerate research in the field of Data Science. Proposals should focus on novel algorithmic designs, data scalability, and energy-efficient hardware implementations.",2026-11-15,https://www.grants.gov/search-grants?id=100081
GRANT-2026582,Research Grant: Next-Generation Renewable Energy Core Systems,National Science Foundation (NSF),"$1,530,000","This funding opportunity aims to accelerate research in the field of Renewable Energy. Proposals should focus on novel algorithmic designs, data scalability, and energy-efficient hardware implementations.",2026-11-15,https://www.grants.gov/search-grants?id=100082
GRANT-2026583,Research Grant: Next-Generation Physics Core Systems,National Science Foundation (NSF),"$1,545,000","This funding opportunity aims to accelerate research in the field of Physics. Proposals should focus on novel algorithmic designs, data scalability, and energy-efficient hardware implementations.",2026-11-15,https://www.grants.gov/search-grants?id=100083
GRANT-2026584,Research Grant: Next-Generation Medical Diagnostics Core Systems,National Science Foundation (NSF),"$1,560,000","This funding opportunity aims to accelerate research in the field of Medical Diagnostics. Proposals should focus on novel algorithmic designs, data scalability, and energy-efficient hardware implementations.",2026-11-15,https://www.grants.gov/search-grants?id=100084
GRANT-2026585,Research Grant: Next-Generation Electrical Engineering Core Systems,National Science Foundation (NSF),"$1,575,000","This funding opportunity aims to accelerate research in the field of Electrical Engineering. Proposals should focus on novel algorithmic designs, data scalability, and energy-efficient hardware implementations.",2026-11-15,https://www.grants.gov/search-grants?id=100085
GRANT-2026586,Research Grant: Next-Generation Mechanical Engineering Core Systems,National Science Foundation (NSF),"$1,590,000","This funding opportunity aims to accelerate research in the field of Mechanical Engineering. Proposals should focus on novel algorithmic designs, data scalability, and energy-efficient hardware implementations.",2026-11-15,https://www.grants.gov/search-grants?id=100086
GRANT-2026587,Research Grant: Next-Generation Computer Vision Core Systems,National Science Foundation (NSF),"$1,605,000","This funding opportunity aims to accelerate research in the field of Computer Vision. Proposals should focus on novel algorithmic designs, data scalability, and energy-efficient hardware implementations.",2026-11-15,https://www.grants.gov/search-grants?id=100087
GRANT-2026588,Research Grant: Next-Generation Natural Language Processing Core Systems,National Science Foundation (NSF),"$1,620,000","This funding opportunity aims to accelerate research in the field of Natural Language Processing. Proposals should focus on novel algorithmic designs, data scalability, and energy-efficient hardware implementations.",2026-11-15,https://www.grants.gov/search-grants?id=100088
GRANT-2026589,Research Grant: Next-Generation Deep Learning Core Systems,National Science Foundation (NSF),"$1,635,000","This funding opportunity aims to accelerate research in the field of Deep Learning. Proposals should focus on novel algorithmic designs, data scalability, and energy-efficient hardware implementations.",2026-11-15,https://www.grants.gov/search-grants?id=100089
GRANT-2026590,Research Grant: Next-Generation Cyber Security Core Systems,National Science Foundation (NSF),"$1,650,000","This funding opportunity aims to accelerate research in the field of Cyber Security. Proposals should focus on novel algorithmic designs, data scalability, and energy-efficient hardware implementations.",2026-11-15,https://www.grants.gov/search-grants?id=100090
GRANT-2026591,Research Grant: Next-Generation Chemistry Core Systems,National Science Foundation (NSF),"$1,665,000","This funding opportunity aims to accelerate research in the field of Chemistry. Proposals should focus on novel algorithmic designs, data scalability, and energy-efficient hardware implementations.",2026-11-15,https://www.grants.gov/search-grants?id=100091
GRANT-2026592,Research Grant: Next-Generation Biotechnology Core Systems,National Science Foundation (NSF),"$1,680,000","This funding opportunity aims to accelerate research in the field of Biotechnology. Proposals should focus on novel algorithmic designs, data scalability, and energy-efficient hardware implementations.",2026-11-15,https://www.grants.gov/search-grants?id=100092
GRANT-2026593,Research Grant: Next-Generation Mathematics Core Systems,National Science Foundation (NSF),"$1,695,000","This funding opportunity aims to accelerate research in the field of Mathematics. Proposals should focus on novel algorithmic designs, data scalability, and energy-efficient hardware implementations.",2026-11-15,https://www.grants.gov/search-grants?id=100093
GRANT-2026594,Research Grant: Next-Generation Healthcare Core Systems,National Science Foundation (NSF),"$1,710,000","This funding opportunity aims to accelerate research in the field of Healthcare. Proposals should focus on novel algorithmic designs, data scalability, and energy-efficient hardware implementations.",2026-11-15,https://www.grants.gov/search-grants?id=100094
GRANT-2026595,Research Grant: Next-Generation Software Engineering Core Systems,National Science Foundation (NSF),"$1,725,000","This funding opportunity aims to accelerate research in the field of Software Engineering. Proposals should focus on novel algorithmic designs, data scalability, and energy-efficient hardware implementations.",2026-11-15,https://www.grants.gov/search-grants?id=100095
GRANT-2026596,Research Grant: Next-Generation Robotics Core Systems,National Science Foundation (NSF),"$1,740,000","This funding opportunity aims to accelerate research in the field of Robotics. Proposals should focus on novel algorithmic designs, data scalability, and energy-efficient hardware implementations.",2026-11-15,https://www.grants.gov/search-grants?id=100096
GRANT-2026597,Research Grant: Next-Generation Quantum Computing Core Systems,National Science Foundation (NSF),"$1,755,000","This funding opportunity aims to accelerate research in the field of Quantum Computing. Proposals should focus on novel algorithmic designs, data scalability, and energy-efficient hardware implementations.",2026-11-15,https://www.grants.gov/search-grants?id=100097
GRANT-2026598,Research Grant: Next-Generation Data Science Core Systems,National Science Foundation (NSF),"$1,770,000","This funding opportunity aims to accelerate research in the field of Data Science. Proposals should focus on novel algorithmic designs, data scalability, and energy-efficient hardware implementations.",2026-11-15,https://www.grants.gov/search-grants?id=100098
GRANT-2026599,Research Grant: Next-Generation Renewable Energy Core Systems,National Science Foundation (NSF),"$1,785,000","This funding opportunity aims to accelerate research in the field of Renewable Energy. Proposals should focus on novel algorithmic designs, data scalability, and energy-efficient hardware implementations.",2026-11-15,https://www.grants.gov/search-grants?id=100099
GRANT-2026600,Research Grant: Next-Generation Physics Core Systems,National Science Foundation (NSF),"$1,800,000","This funding opportunity aims to accelerate research in the field of Physics. Proposals should focus on novel algorithmic designs, data scalability, and energy-efficient hardware implementations.",2026-11-15,https://www.grants.gov/search-grants?id=100100
GRANT-2026601,Research Grant: Next-Generation Medical Diagnostics Core Systems,National Science Foundation (NSF),"$1,815,000","This funding opportunity aims to accelerate research in the field of Medical Diagnostics. Proposals should focus on novel algorithmic designs, data scalability, and energy-efficient hardware implementations.",2026-11-15,https://www.grants.gov/search-grants?id=100101
GRANT-2026602,Research Grant: Next-Generation Electrical Engineering Core Systems,National Science Foundation (NSF),"$1,830,000","This funding opportunity aims to accelerate research in the field of Electrical Engineering. Proposals should focus on novel algorithmic designs, data scalability, and energy-efficient hardware implementations.",2026-11-15,https://www.grants.gov/search-grants?id=100102
GRANT-2026603,Research Grant: Next-Generation Mechanical Engineering Core Systems,National Science Foundation (NSF),"$1,845,000","This funding opportunity aims to accelerate research in the field of Mechanical Engineering. Proposals should focus on novel algorithmic designs, data scalability, and energy-efficient hardware implementations.",2026-11-15,https://www.grants.gov/search-grants?id=100103
GRANT-2026604,Research Grant: Next-Generation Computer Vision Core Systems,National Science Foundation (NSF),"$1,860,000","This funding opportunity aims to accelerate research in the field of Computer Vision. Proposals should focus on novel algorithmic designs, data scalability, and energy-efficient hardware implementations.",2026-11-15,https://www.grants.gov/search-grants?id=100104
GRANT-2026605,Research Grant: Next-Generation Natural Language Processing Core Systems,National Science Foundation (NSF),"$1,875,000","This funding opportunity aims to accelerate research in the field of Natural Language Processing. Proposals should focus on novel algorithmic designs, data scalability, and energy-efficient hardware implementations.",2026-11-15,https://www.grants.gov/search-grants?id=100105
GRANT-2026606,Research Grant: Next-Generation Deep Learning Core Systems,National Science Foundation (NSF),"$1,890,000","This funding opportunity aims to accelerate research in the field of Deep Learning. Proposals should focus on novel algorithmic designs, data scalability, and energy-efficient hardware implementations.",2026-11-15,https://www.grants.gov/search-grants?id=100106
GRANT-2026607,Research Grant: Next-Generation Cyber Security Core Systems,National Science Foundation (NSF),"$1,905,000","This funding opportunity aims to accelerate research in the field of Cyber Security. Proposals should focus on novel algorithmic designs, data scalability, and energy-efficient hardware implementations.",2026-11-15,https://www.grants.gov/search-grants?id=100107
GRANT-2026608,Research Grant: Next-Generation Chemistry Core Systems,National Science Foundation (NSF),"$1,920,000","This funding opportunity aims to accelerate research in the field of Chemistry. Proposals should focus on novel algorithmic designs, data scalability, and energy-efficient hardware implementations.",2026-11-15,https://www.grants.gov/search-grants?id=100108
GRANT-2026609,Research Grant: Next-Generation Biotechnology Core Systems,National Science Foundation (NSF),"$1,935,000","This funding opportunity aims to accelerate research in the field of Biotechnology. Proposals should focus on novel algorithmic designs, data scalability, and energy-efficient hardware implementations.",2026-11-15,https://www.grants.gov/search-grants?id=100109
GRANT-2026610,Research Grant: Next-Generation Mathematics Core Systems,National Science Foundation (NSF),"$1,950,000","This funding opportunity aims to accelerate research in the field of Mathematics. Proposals should focus on novel algorithmic designs, data scalability, and energy-efficient hardware implementations.",2026-11-15,https://www.grants.gov/search-grants?id=100110
GRANT-2026611,Research Grant: Next-Generation Healthcare Core Systems,National Science Foundation (NSF),"$1,965,000","This funding opportunity aims to accelerate research in the field of Healthcare. Proposals should focus on novel algorithmic designs, data scalability, and energy-efficient hardware implementations.",2026-11-15,https://www.grants.gov/search-grants?id=100111
GRANT-2026612,Research Grant: Next-Generation Software Engineering Core Systems,National Science Foundation (NSF),"$1,980,000","This funding opportunity aims to accelerate research in the field of Software Engineering. Proposals should focus on novel algorithmic designs, data scalability, and energy-efficient hardware implementations.",2026-11-15,https://www.grants.gov/search-grants?id=100112
GRANT-2026613,Research Grant: Next-Generation Robotics Core Systems,National Science Foundation (NSF),"$1,995,000","This funding opportunity aims to accelerate research in the field of Robotics. Proposals should focus on novel algorithmic designs, data scalability, and energy-efficient hardware implementations.",2026-11-15,https://www.grants.gov/search-grants?id=100113
GRANT-2026614,Research Grant: Next-Generation Quantum Computing Core Systems,National Science Foundation (NSF),"$2,010,000","This funding opportunity aims to accelerate research in the field of Quantum Computing. Proposals should focus on novel algorithmic designs, data scalability, and energy-efficient hardware implementations.",2026-11-15,https://www.grants.gov/search-grants?id=100114
GRANT-2026615,Research Grant: Next-Generation Data Science Core Systems,National Science Foundation (NSF),"$2,025,000","This funding opportunity aims to accelerate research in the field of Data Science. Proposals should focus on novel algorithmic designs, data scalability, and energy-efficient hardware implementations.",2026-11-15,https://www.grants.gov/search-grants?id=100115
GRANT-2026616,Research Grant: Next-Generation Renewable Energy Core Systems,National Science Foundation (NSF),"$2,040,000","This funding opportunity aims to accelerate research in the field of Renewable Energy. Proposals should focus on novel algorithmic designs, data scalability, and energy-efficient hardware implementations.",2026-11-15,https://www.grants.gov/search-grants?id=100116
GRANT-2026617,Research Grant: Next-Generation Physics Core Systems,National Science Foundation (NSF),"$2,055,000","This funding opportunity aims to accelerate research in the field of Physics. Proposals should focus on novel algorithmic designs, data scalability, and energy-efficient hardware implementations.",2026-11-15,https://www.grants.gov/search-grants?id=100117
GRANT-2026618,Research Grant: Next-Generation Medical Diagnostics Core Systems,National Science Foundation (NSF),"$2,070,000","This funding opportunity aims to accelerate research in the field of Medical Diagnostics. Proposals should focus on novel algorithmic designs, data scalability, and energy-efficient hardware implementations.",2026-11-15,https://www.grants.gov/search-grants?id=100118
GRANT-2026619,Research Grant: Next-Generation Electrical Engineering Core Systems,National Science Foundation (NSF),"$2,085,000","This funding opportunity aims to accelerate research in the field of Electrical Engineering. Proposals should focus on novel algorithmic designs, data scalability, and energy-efficient hardware implementations.",2026-11-15,https://www.grants.gov/search-grants?id=100119
GRANT-2026620,Research Grant: Next-Generation Mechanical Engineering Core Systems,National Science Foundation (NSF),"$2,100,000","This funding opportunity aims to accelerate research in the field of Mechanical Engineering. Proposals should focus on novel algorithmic designs, data scalability, and energy-efficient hardware implementations.",2026-11-15,https://www.grants.gov/search-grants?id=100120
GRANT-2026621,Research Grant: Next-Generation Computer Vision Core Systems,National Science Foundation (NSF),"$2,115,000","This funding opportunity aims to accelerate research in the field of Computer Vision. Proposals should focus on novel algorithmic designs, data scalability, and energy-efficient hardware implementations.",2026-11-15,https://www.grants.gov/search-grants?id=100121
GRANT-2026622,Research Grant: Next-Generation Natural Language Processing Core Systems,National Science Foundation (NSF),"$2,130,000","This funding opportunity aims to accelerate research in the field of Natural Language Processing. Proposals should focus on novel algorithmic designs, data scalability, and energy-efficient hardware implementations.",2026-11-15,https://www.grants.gov/search-grants?id=100122
GRANT-2026623,Research Grant: Next-Generation Deep Learning Core Systems,National Science Foundation (NSF),"$2,145,000","This funding opportunity aims to accelerate research in the field of Deep Learning. Proposals should focus on novel algorithmic designs, data scalability, and energy-efficient hardware implementations.",2026-11-15,https://www.grants.gov/search-grants?id=100123
GRANT-2026624,Research Grant: Next-Generation Cyber Security Core Systems,National Science Foundation (NSF),"$2,160,000","This funding opportunity aims to accelerate research in the field of Cyber Security. Proposals should focus on novel algorithmic designs, data scalability, and energy-efficient hardware implementations.",2026-11-15,https://www.grants.gov/search-grants?id=100124
GRANT-2026625,Research Grant: Next-Generation Chemistry Core Systems,National Science Foundation (NSF),"$2,175,000","This funding opportunity aims to accelerate research in the field of Chemistry. Proposals should focus on novel algorithmic designs, data scalability, and energy-efficient hardware implementations.",2026-11-15,https://www.grants.gov/search-grants?id=100125
GRANT-2026626,Research Grant: Next-Generation Biotechnology Core Systems,National Science Foundation (NSF),"$2,190,000","This funding opportunity aims to accelerate research in the field of Biotechnology. Proposals should focus on novel algorithmic designs, data scalability, and energy-efficient hardware implementations.",2026-11-15,https://www.grants.gov/search-grants?id=100126
GRANT-2026627,Research Grant: Next-Generation Mathematics Core Systems,National Science Foundation (NSF),"$2,205,000","This funding opportunity aims to accelerate research in the field of Mathematics. Proposals should focus on novel algorithmic designs, data scalability, and energy-efficient hardware implementations.",2026-11-15,https://www.grants.gov/search-grants?id=100127
GRANT-2026628,Research Grant: Next-Generation Healthcare Core Systems,National Science Foundation (NSF),"$2,220,000","This funding opportunity aims to accelerate research in the field of Healthcare. Proposals should focus on novel algorithmic designs, data scalability, and energy-efficient hardware implementations.",2026-11-15,https://www.grants.gov/search-grants?id=100128
GRANT-2026629,Research Grant: Next-Generation Software Engineering Core Systems,National Science Foundation (NSF),"$2,235,000","This funding opportunity aims to accelerate research in the field of Software Engineering. Proposals should focus on novel algorithmic designs, data scalability, and energy-efficient hardware implementations.",2026-11-15,https://www.grants.gov/search-grants?id=100129
GRANT-2026630,Research Grant: Next-Generation Robotics Core Systems,National Science Foundation (NSF),"$2,250,000","This funding opportunity aims to accelerate research in the field of Robotics. Proposals should focus on novel algorithmic designs, data scalability, and energy-efficient hardware implementations.",2026-11-15,https://www.grants.gov/search-grants?id=100130
GRANT-2026631,Research Grant: Next-Generation Quantum Computing Core Systems,National Science Foundation (NSF),"$2,265,000","This funding opportunity aims to accelerate research in the field of Quantum Computing. Proposals should focus on novel algorithmic designs, data scalability, and energy-efficient hardware implementations.",2026-11-15,https://www.grants.gov/search-grants?id=100131
GRANT-2026632,Research Grant: Next-Generation Data Science Core Systems,National Science Foundation (NSF),"$2,280,000","This funding opportunity aims to accelerate research in the field of Data Science. Proposals should focus on novel algorithmic designs, data scalability, and energy-efficient hardware implementations.",2026-11-15,https://www.grants.gov/search-grants?id=100132
GRANT-2026633,Research Grant: Next-Generation Renewable Energy Core Systems,National Science Foundation (NSF),"$2,295,000","This funding opportunity aims to accelerate research in the field of Renewable Energy. Proposals should focus on novel algorithmic designs, data scalability, and energy-efficient hardware implementations.",2026-11-15,https://www.grants.gov/search-grants?id=100133
GRANT-2026634,Research Grant: Next-Generation Physics Core Systems,National Science Foundation (NSF),"$2,310,000","This funding opportunity aims to accelerate research in the field of Physics. Proposals should focus on novel algorithmic designs, data scalability, and energy-efficient hardware implementations.",2026-11-15,https://www.grants.gov/search-grants?id=100134
GRANT-2026635,Research Grant: Next-Generation Medical Diagnostics Core Systems,National Science Foundation (NSF),"$2,325,000","This funding opportunity aims to accelerate research in the field of Medical Diagnostics. Proposals should focus on novel algorithmic designs, data scalability, and energy-efficient hardware implementations.",2026-11-15,https://www.grants.gov/search-grants?id=100135
GRANT-2026636,Research Grant: Next-Generation Electrical Engineering Core Systems,National Science Foundation (NSF),"$2,340,000","This funding opportunity aims to accelerate research in the field of Electrical Engineering. Proposals should focus on novel algorithmic designs, data scalability, and energy-efficient hardware implementations.",2026-11-15,https://www.grants.gov/search-grants?id=100136
GRANT-2026637,Research Grant: Next-Generation Mechanical Engineering Core Systems,National Science Foundation (NSF),"$2,355,000","This funding opportunity aims to accelerate research in the field of Mechanical Engineering. Proposals should focus on novel algorithmic designs, data scalability, and energy-efficient hardware implementations.",2026-11-15,https://www.grants.gov/search-grants?id=100137
GRANT-2026638,Research Grant: Next-Generation Computer Vision Core Systems,National Science Foundation (NSF),"$2,370,000","This funding opportunity aims to accelerate research in the field of Computer Vision. Proposals should focus on novel algorithmic designs, data scalability, and energy-efficient hardware implementations.",2026-11-15,https://www.grants.gov/search-grants?id=100138
GRANT-2026639,Research Grant: Next-Generation Natural Language Processing Core Systems,National Science Foundation (NSF),"$2,385,000","This funding opportunity aims to accelerate research in the field of Natural Language Processing. Proposals should focus on novel algorithmic designs, data scalability, and energy-efficient hardware implementations.",2026-11-15,https://www.grants.gov/search-grants?id=100139
GRANT-2026640,Research Grant: Next-Generation Deep Learning Core Systems,National Science Foundation (NSF),"$2,400,000","This funding opportunity aims to accelerate research in the field of Deep Learning. Proposals should focus on novel algorithmic designs, data scalability, and energy-efficient hardware implementations.",2026-11-15,https://www.grants.gov/search-grants?id=100140
GRANT-2026641,Research Grant: Next-Generation Cyber Security Core Systems,National Science Foundation (NSF),"$2,415,000","This funding opportunity aims to accelerate research in the field of Cyber Security. Proposals should focus on novel algorithmic designs, data scalability, and energy-efficient hardware implementations.",2026-11-15,https://www.grants.gov/search-grants?id=100141
GRANT-2026642,Research Grant: Next-Generation Chemistry Core Systems,National Science Foundation (NSF),"$2,430,000","This funding opportunity aims to accelerate research in the field of Chemistry. Proposals should focus on novel algorithmic designs, data scalability, and energy-efficient hardware implementations.",2026-11-15,https://www.grants.gov/search-grants?id=100142
GRANT-2026643,Research Grant: Next-Generation Biotechnology Core Systems,National Science Foundation (NSF),"$2,445,000","This funding opportunity aims to accelerate research in the field of Biotechnology. Proposals should focus on novel algorithmic designs, data scalability, and energy-efficient hardware implementations.",2026-11-15,https://www.grants.gov/search-grants?id=100143
GRANT-2026644,Research Grant: Next-Generation Mathematics Core Systems,National Science Foundation (NSF),"$2,460,000","This funding opportunity aims to accelerate research in the field of Mathematics. Proposals should focus on novel algorithmic designs, data scalability, and energy-efficient hardware implementations.",2026-11-15,https://www.grants.gov/search-grants?id=100144
GRANT-2026645,Research Grant: Next-Generation Healthcare Core Systems,National Science Foundation (NSF),"$2,475,000","This funding opportunity aims to accelerate research in the field of Healthcare. Proposals should focus on novel algorithmic designs, data scalability, and energy-efficient hardware implementations.",2026-11-15,https://www.grants.gov/search-grants?id=100145
GRANT-2026646,Research Grant: Next-Generation Software Engineering Core Systems,National Science Foundation (NSF),"$2,490,000","This funding opportunity aims to accelerate research in the field of Software Engineering. Proposals should focus on novel algorithmic designs, data scalability, and energy-efficient hardware implementations.",2026-11-15,https://www.grants.gov/search-grants?id=100146
GRANT-2026647,Research Grant: Next-Generation Robotics Core Systems,National Science Foundation (NSF),"$2,505,000","This funding opportunity aims to accelerate research in the field of Robotics. Proposals should focus on novel algorithmic designs, data scalability, and energy-efficient hardware implementations.",2026-11-15,https://www.grants.gov/search-grants?id=100147
GRANT-2026648,Research Grant: Next-Generation Quantum Computing Core Systems,National Science Foundation (NSF),"$2,520,000","This funding opportunity aims to accelerate research in the field of Quantum Computing. Proposals should focus on novel algorithmic designs, data scalability, and energy-efficient hardware implementations.",2026-11-15,https://www.grants.gov/search-grants?id=100148
GRANT-2026649,Research Grant: Next-Generation Data Science Core Systems,National Science Foundation (NSF),"$2,535,000","This funding opportunity aims to accelerate research in the field of Data Science. Proposals should focus on novel algorithmic designs, data scalability, and energy-efficient hardware implementations.",2026-11-15,https://www.grants.gov/search-grants?id=100149
