Technology Domain,Overall Innovation Score,Commercialization Strategy,Investment Priority,Technology Transfer Readiness,Partnership Recommendation,Market Entry Strategy,Timeline,Executive Recommendation
Natural Language Processing,55.4,Startup Incubation,High Investment Priority,Research Stage,Incubators,Niche Market,3–5 Years,Natural Language Processing (Overall Score: 55.4) is recommended for Startup Incubation with High Investment Priority. The technology is currently at the Research Stage status with an estimated commercialization timeline of 3–5 Years. Key execution steps include engaging Incubators partners and pursuing an Niche Market strategy.
Smart Cities,50.0,Strategic Partnership,Medium Investment Priority,Ready for Technology Transfer,Industry,Government Adoption,1–3 Years,Smart Cities (Overall Score: 50.0) is recommended for Strategic Partnership with Medium Investment Priority. The technology is currently at the Ready for Technology Transfer status with an estimated commercialization timeline of 1–3 Years. Key execution steps include engaging Industry partners and pursuing an Government Adoption strategy.
Software Engineering,50.0,Strategic Partnership,Medium Investment Priority,Ready for Technology Transfer,Industry,Niche Market,1–3 Years,Software Engineering (Overall Score: 50.0) is recommended for Strategic Partnership with Medium Investment Priority. The technology is currently at the Ready for Technology Transfer status with an estimated commercialization timeline of 1–3 Years. Key execution steps include engaging Industry partners and pursuing an Niche Market strategy.
5G / 6G Communications,36.4,Continue Research & Development,Low Investment Priority,Prototype Validation Required,Research Labs,Government Adoption,3–5 Years,5G / 6G Communications (Overall Score: 36.4) is recommended for Continue Research & Development with Low Investment Priority. The technology is currently at the Prototype Validation Required status with an estimated commercialization timeline of 3–5 Years. Key execution steps include engaging Research Labs partners and pursuing an Government Adoption strategy.
Internet of Things,35.1,Continue Research & Development,Low Investment Priority,Prototype Validation Required,Research Labs,Niche Market,3–5 Years,Internet of Things (Overall Score: 35.1) is recommended for Continue Research & Development with Low Investment Priority. The technology is currently at the Prototype Validation Required status with an estimated commercialization timeline of 3–5 Years. Key execution steps include engaging Research Labs partners and pursuing an Niche Market strategy.
Cyber Security,35.0,Continue Research & Development,Low Investment Priority,Prototype Validation Required,Research Labs,Government Adoption,3–5 Years,Cyber Security (Overall Score: 35.0) is recommended for Continue Research & Development with Low Investment Priority. The technology is currently at the Prototype Validation Required status with an estimated commercialization timeline of 3–5 Years. Key execution steps include engaging Research Labs partners and pursuing an Government Adoption strategy.
Semiconductor Technology,34.9,Continue Research & Development,Low Investment Priority,Prototype Validation Required,Research Labs,Niche Market,3–5 Years,Semiconductor Technology (Overall Score: 34.9) is recommended for Continue Research & Development with Low Investment Priority. The technology is currently at the Prototype Validation Required status with an estimated commercialization timeline of 3–5 Years. Key execution steps include engaging Research Labs partners and pursuing an Niche Market strategy.
Healthcare,34.5,Continue Research & Development,Low Investment Priority,Prototype Validation Required,Research Labs,Niche Market,3–5 Years,Healthcare (Overall Score: 34.5) is recommended for Continue Research & Development with Low Investment Priority. The technology is currently at the Prototype Validation Required status with an estimated commercialization timeline of 3–5 Years. Key execution steps include engaging Research Labs partners and pursuing an Niche Market strategy.
FinTech,34.3,Continue Research & Development,Low Investment Priority,Prototype Validation Required,Research Labs,Niche Market,3–5 Years,FinTech (Overall Score: 34.3) is recommended for Continue Research & Development with Low Investment Priority. The technology is currently at the Prototype Validation Required status with an estimated commercialization timeline of 3–5 Years. Key execution steps include engaging Research Labs partners and pursuing an Niche Market strategy.
Data Science,34.1,Continue Research & Development,Low Investment Priority,Prototype Validation Required,Research Labs,Niche Market,3–5 Years,Data Science (Overall Score: 34.1) is recommended for Continue Research & Development with Low Investment Priority. The technology is currently at the Prototype Validation Required status with an estimated commercialization timeline of 3–5 Years. Key execution steps include engaging Research Labs partners and pursuing an Niche Market strategy.
Smart Manufacturing,34.0,Continue Research & Development,Low Investment Priority,Prototype Validation Required,Research Labs,Niche Market,3–5 Years,Smart Manufacturing (Overall Score: 34.0) is recommended for Continue Research & Development with Low Investment Priority. The technology is currently at the Prototype Validation Required status with an estimated commercialization timeline of 3–5 Years. Key execution steps include engaging Research Labs partners and pursuing an Niche Market strategy.
Agriculture Technology,33.5,Continue Research & Development,Low Investment Priority,Prototype Validation Required,Research Labs,Niche Market,3–5 Years,Agriculture Technology (Overall Score: 33.5) is recommended for Continue Research & Development with Low Investment Priority. The technology is currently at the Prototype Validation Required status with an estimated commercialization timeline of 3–5 Years. Key execution steps include engaging Research Labs partners and pursuing an Niche Market strategy.
Autonomous Vehicles,33.5,Continue Research & Development,Low Investment Priority,Prototype Validation Required,Research Labs,Niche Market,3–5 Years,Autonomous Vehicles (Overall Score: 33.5) is recommended for Continue Research & Development with Low Investment Priority. The technology is currently at the Prototype Validation Required status with an estimated commercialization timeline of 3–5 Years. Key execution steps include engaging Research Labs partners and pursuing an Niche Market strategy.
Medical Devices,33.5,Continue Research & Development,Low Investment Priority,Prototype Validation Required,Research Labs,Niche Market,3–5 Years,Medical Devices (Overall Score: 33.5) is recommended for Continue Research & Development with Low Investment Priority. The technology is currently at the Prototype Validation Required status with an estimated commercialization timeline of 3–5 Years. Key execution steps include engaging Research Labs partners and pursuing an Niche Market strategy.
Artificial Intelligence,33.4,Continue Research & Development,Low Investment Priority,Prototype Validation Required,Research Labs,Niche Market,3–5 Years,Artificial Intelligence (Overall Score: 33.4) is recommended for Continue Research & Development with Low Investment Priority. The technology is currently at the Prototype Validation Required status with an estimated commercialization timeline of 3–5 Years. Key execution steps include engaging Research Labs partners and pursuing an Niche Market strategy.
Cloud Computing,33.4,Continue Research & Development,Low Investment Priority,Prototype Validation Required,Research Labs,Niche Market,3–5 Years,Cloud Computing (Overall Score: 33.4) is recommended for Continue Research & Development with Low Investment Priority. The technology is currently at the Prototype Validation Required status with an estimated commercialization timeline of 3–5 Years. Key execution steps include engaging Research Labs partners and pursuing an Niche Market strategy.
Renewable Energy,33.3,Continue Research & Development,Low Investment Priority,Prototype Validation Required,Research Labs,Niche Market,3–5 Years,Renewable Energy (Overall Score: 33.3) is recommended for Continue Research & Development with Low Investment Priority. The technology is currently at the Prototype Validation Required status with an estimated commercialization timeline of 3–5 Years. Key execution steps include engaging Research Labs partners and pursuing an Niche Market strategy.
Machine Learning,33.0,Continue Research & Development,Low Investment Priority,Prototype Validation Required,Research Labs,Niche Market,3–5 Years,Machine Learning (Overall Score: 33.0) is recommended for Continue Research & Development with Low Investment Priority. The technology is currently at the Prototype Validation Required status with an estimated commercialization timeline of 3–5 Years. Key execution steps include engaging Research Labs partners and pursuing an Niche Market strategy.
Robotics,33.0,Continue Research & Development,Low Investment Priority,Prototype Validation Required,Research Labs,Niche Market,3–5 Years,Robotics (Overall Score: 33.0) is recommended for Continue Research & Development with Low Investment Priority. The technology is currently at the Prototype Validation Required status with an estimated commercialization timeline of 3–5 Years. Key execution steps include engaging Research Labs partners and pursuing an Niche Market strategy.
Computer Vision,32.9,Continue Research & Development,Low Investment Priority,Prototype Validation Required,Research Labs,Niche Market,3–5 Years,Computer Vision (Overall Score: 32.9) is recommended for Continue Research & Development with Low Investment Priority. The technology is currently at the Prototype Validation Required status with an estimated commercialization timeline of 3–5 Years. Key execution steps include engaging Research Labs partners and pursuing an Niche Market strategy.
Quantum Computing,32.7,Continue Research & Development,Low Investment Priority,Prototype Validation Required,Research Labs,Niche Market,3–5 Years,Quantum Computing (Overall Score: 32.7) is recommended for Continue Research & Development with Low Investment Priority. The technology is currently at the Prototype Validation Required status with an estimated commercialization timeline of 3–5 Years. Key execution steps include engaging Research Labs partners and pursuing an Niche Market strategy.
Deep Learning,32.4,Continue Research & Development,Low Investment Priority,Prototype Validation Required,Research Labs,Niche Market,3–5 Years,Deep Learning (Overall Score: 32.4) is recommended for Continue Research & Development with Low Investment Priority. The technology is currently at the Prototype Validation Required status with an estimated commercialization timeline of 3–5 Years. Key execution steps include engaging Research Labs partners and pursuing an Niche Market strategy.
Space Technology,32.0,Continue Research & Development,Low Investment Priority,Prototype Validation Required,Research Labs,Niche Market,3–5 Years,Space Technology (Overall Score: 32.0) is recommended for Continue Research & Development with Low Investment Priority. The technology is currently at the Prototype Validation Required status with an estimated commercialization timeline of 3–5 Years. Key execution steps include engaging Research Labs partners and pursuing an Niche Market strategy.
Biotechnology,31.7,Continue Research & Development,Low Investment Priority,Prototype Validation Required,Research Labs,Niche Market,3–5 Years,Biotechnology (Overall Score: 31.7) is recommended for Continue Research & Development with Low Investment Priority. The technology is currently at the Prototype Validation Required status with an estimated commercialization timeline of 3–5 Years. Key execution steps include engaging Research Labs partners and pursuing an Niche Market strategy.
Blockchain,31.4,Continue Research & Development,Low Investment Priority,Prototype Validation Required,Research Labs,Niche Market,3–5 Years,Blockchain (Overall Score: 31.4) is recommended for Continue Research & Development with Low Investment Priority. The technology is currently at the Prototype Validation Required status with an estimated commercialization timeline of 3–5 Years. Key execution steps include engaging Research Labs partners and pursuing an Niche Market strategy.
