Technology Domain,Innovation Score,Readiness Score,Opportunity Score,Risk Score,Overall Score,Priority Rank,Recommendation
Natural Language Processing,66.2,36.8,58.7,44.5,55.4,1,"Commercialization Partnership — Medium maturity domain. Explore joint R&D partnerships, licensing, and technology transfers."
Smart Cities,57.8,68.8,28.1,62.7,50.0,2,"Commercialization Partnership — Medium maturity domain. Explore joint R&D partnerships, licensing, and technology transfers."
Software Engineering,57.8,68.8,28.1,62.7,50.0,3,"Commercialization Partnership — Medium maturity domain. Explore joint R&D partnerships, licensing, and technology transfers."
5G / 6G Communications,46.0,48.5,19.8,78.5,36.4,4,Low Priority / Divestment — High technology risk or declining activity. Reallocate resources to high-momentum domains.
Internet of Things,42.9,48.5,19.1,78.6,35.1,5,Low Priority / Divestment — High technology risk or declining activity. Reallocate resources to high-momentum domains.
Cyber Security,45.2,48.5,16.0,79.3,35.0,6,Low Priority / Divestment — High technology risk or declining activity. Reallocate resources to high-momentum domains.
Semiconductor Technology,45.1,48.5,15.6,79.4,34.9,7,Low Priority / Divestment — High technology risk or declining activity. Reallocate resources to high-momentum domains.
Healthcare,44.6,48.5,15.0,79.9,34.5,8,Low Priority / Divestment — High technology risk or declining activity. Reallocate resources to high-momentum domains.
FinTech,44.2,48.5,15.0,80.3,34.3,9,Low Priority / Divestment — High technology risk or declining activity. Reallocate resources to high-momentum domains.
Data Science,43.8,48.5,15.0,80.7,34.1,10,Low Priority / Divestment — High technology risk or declining activity. Reallocate resources to high-momentum domains.
Smart Manufacturing,43.5,48.5,15.0,81.0,34.0,11,Low Priority / Divestment — High technology risk or declining activity. Reallocate resources to high-momentum domains.
Agriculture Technology,42.6,48.5,15.0,81.9,33.5,12,Low Priority / Divestment — High technology risk or declining activity. Reallocate resources to high-momentum domains.
Autonomous Vehicles,41.8,48.5,15.0,79.7,33.5,13,Low Priority / Divestment — High technology risk or declining activity. Reallocate resources to high-momentum domains.
Medical Devices,42.5,48.5,15.0,82.0,33.5,14,Low Priority / Divestment — High technology risk or declining activity. Reallocate resources to high-momentum domains.
Artificial Intelligence,41.6,48.5,15.0,79.9,33.4,15,Low Priority / Divestment — High technology risk or declining activity. Reallocate resources to high-momentum domains.
Cloud Computing,41.6,48.5,15.0,79.9,33.4,16,Low Priority / Divestment — High technology risk or declining activity. Reallocate resources to high-momentum domains.
Renewable Energy,41.3,48.5,15.0,80.2,33.3,17,Low Priority / Divestment — High technology risk or declining activity. Reallocate resources to high-momentum domains.
Machine Learning,41.7,48.5,15.0,82.8,33.0,18,Low Priority / Divestment — High technology risk or declining activity. Reallocate resources to high-momentum domains.
Robotics,40.8,48.5,15.0,80.7,33.0,19,Low Priority / Divestment — High technology risk or declining activity. Reallocate resources to high-momentum domains.
Computer Vision,41.5,48.5,15.0,83.0,32.9,20,Low Priority / Divestment — High technology risk or declining activity. Reallocate resources to high-momentum domains.
Quantum Computing,40.1,48.5,15.0,81.4,32.7,21,Low Priority / Divestment — High technology risk or declining activity. Reallocate resources to high-momentum domains.
Deep Learning,40.4,48.5,15.0,84.1,32.4,22,Low Priority / Divestment — High technology risk or declining activity. Reallocate resources to high-momentum domains.
Space Technology,39.7,48.5,15.0,84.8,32.0,23,Low Priority / Divestment — High technology risk or declining activity. Reallocate resources to high-momentum domains.
Biotechnology,38.1,48.5,15.0,83.4,31.7,24,Low Priority / Divestment — High technology risk or declining activity. Reallocate resources to high-momentum domains.
Blockchain,37.6,48.5,15.0,83.9,31.4,25,Low Priority / Divestment — High technology risk or declining activity. Reallocate resources to high-momentum domains.
