Technology_Domain,Maturity_Status,Innovation_Momentum,Growth_Percentage,Geographic_Spread_Count,Top_Assignee,Strategic_Recommendation
5G / 6G Communications,Declining,Medium,-12.5,1,Institute of Technology & 5G / 6G Communications Research Group,Strategic pivot / Divestment — Reallocate R&D capital towards emerging convergence technologies and optimize legacy IP enforcement.
Agriculture Technology,Declining,Low,-35.9,1,Institute of Technology & Agriculture Technology Research Group,Strategic pivot / Divestment — Reallocate R&D capital towards emerging convergence technologies and optimize legacy IP enforcement.
Artificial Intelligence,Declining,Medium,-21.95,1,Institute of Technology & Artificial Intelligence Research Group,Strategic pivot / Divestment — Reallocate R&D capital towards emerging convergence technologies and optimize legacy IP enforcement.
Autonomous Vehicles,Declining,Medium,-20.59,1,Institute of Technology & Autonomous Vehicles Research Group,Strategic pivot / Divestment — Reallocate R&D capital towards emerging convergence technologies and optimize legacy IP enforcement.
Biotechnology,Declining,Low,-46.81,1,Institute of Technology & Biotechnology Research Group,Strategic pivot / Divestment — Reallocate R&D capital towards emerging convergence technologies and optimize legacy IP enforcement.
Blockchain,Declining,Low,-50.0,1,Institute of Technology & Blockchain Research Group,Strategic pivot / Divestment — Reallocate R&D capital towards emerging convergence technologies and optimize legacy IP enforcement.
Cloud Computing,Declining,Medium,-22.5,1,Institute of Technology & Cloud Computing Research Group,Strategic pivot / Divestment — Reallocate R&D capital towards emerging convergence technologies and optimize legacy IP enforcement.
Computer Vision,Declining,Low,-43.9,1,Institute of Technology & Computer Vision Research Group,Strategic pivot / Divestment — Reallocate R&D capital towards emerging convergence technologies and optimize legacy IP enforcement.
Cyber Security,Declining,Medium,-18.18,1,Institute of Technology & Cyber Security Research Group,Strategic pivot / Divestment — Reallocate R&D capital towards emerging convergence technologies and optimize legacy IP enforcement.
Data Science,Declining,Low,-27.78,1,Institute of Technology & Data Science Research Group,Strategic pivot / Divestment — Reallocate R&D capital towards emerging convergence technologies and optimize legacy IP enforcement.
Deep Learning,Declining,Low,-51.11,1,Institute of Technology & Deep Learning Research Group,Strategic pivot / Divestment — Reallocate R&D capital towards emerging convergence technologies and optimize legacy IP enforcement.
FinTech,Declining,Medium,-25.0,1,Institute of Technology & FinTech Research Group,Strategic pivot / Divestment — Reallocate R&D capital towards emerging convergence technologies and optimize legacy IP enforcement.
Healthcare,Declining,Medium,-22.5,1,Institute of Technology & Healthcare Research Group,Strategic pivot / Divestment — Reallocate R&D capital towards emerging convergence technologies and optimize legacy IP enforcement.
Internet of Things,Declining,Medium,-13.51,1,Institute of Technology & Internet of Things Research Group,Strategic pivot / Divestment — Reallocate R&D capital towards emerging convergence technologies and optimize legacy IP enforcement.
Machine Learning,Declining,Low,-42.5,1,Institute of Technology & Machine Learning Research Group,Strategic pivot / Divestment — Reallocate R&D capital towards emerging convergence technologies and optimize legacy IP enforcement.
Medical Devices,Declining,Low,-36.84,1,Institute of Technology & Medical Devices Research Group,Strategic pivot / Divestment — Reallocate R&D capital towards emerging convergence technologies and optimize legacy IP enforcement.
Natural Language Processing,Emerging,Medium,29.03,1,Institute of Technology & Natural Language Processing Research Group,Monitor closely — High disruptive innovation potential. Initiate pilot R&D projects and monitor key patent filings.
Quantum Computing,Declining,Low,-32.5,1,Institute of Technology & Quantum Computing Research Group,Strategic pivot / Divestment — Reallocate R&D capital towards emerging convergence technologies and optimize legacy IP enforcement.
Renewable Energy,Declining,Medium,-24.39,1,Institute of Technology & Renewable Energy Research Group,Strategic pivot / Divestment — Reallocate R&D capital towards emerging convergence technologies and optimize legacy IP enforcement.
Robotics,Declining,Low,-27.91,1,Institute of Technology & Robotics Research Group,Strategic pivot / Divestment — Reallocate R&D capital towards emerging convergence technologies and optimize legacy IP enforcement.
Semiconductor Technology,Declining,Medium,-18.75,1,Institute of Technology & Semiconductor Technology Research Group,Strategic pivot / Divestment — Reallocate R&D capital towards emerging convergence technologies and optimize legacy IP enforcement.
Smart Cities,Mature,Medium,0.0,1,Institute of Technology & Smart Cities Research Group,"Commercialization opportunity — Optimize operational efficiency, leverage established IP for cross-licensing, and focus on market expansion."
Smart Manufacturing,Declining,Low,-29.73,1,Institute of Technology & Smart Manufacturing Research Group,Strategic pivot / Divestment — Reallocate R&D capital towards emerging convergence technologies and optimize legacy IP enforcement.
Software Engineering,Mature,Medium,0.0,1,Institute of Technology & Software Engineering Research Group,"Commercialization opportunity — Optimize operational efficiency, leverage established IP for cross-licensing, and focus on market expansion."
Space Technology,Declining,Low,-56.0,1,Institute of Technology & Space Technology Research Group,Strategic pivot / Divestment — Reallocate R&D capital towards emerging convergence technologies and optimize legacy IP enforcement.
