project_title,project_number,organization,principal_investigator,fiscal_year,award_amount
Evaluating Whether a Concurrent Retinoid X Receptor Agonist can Enhance the Efficacy of the HER2-IGFPB2-IGF1R Vaccine in Eliminating Existing Ductal Carcinoma in Situ and Preventing Progression of Inv,,UNIVERSITY OF ALABAMA AT BIRMINGHAM,Clinton   Grubbs,2018,930464.0
"Project 2 - Imaging of Brain Connrectivity, Structure and Function",,UNIVERSITY OF SOUTHERN CALIFORNIA,Ioannis   Pappas ,2025,957843.0
"Transplantation of Adult, Tissue-Specific RPE Stem Cells for Non-exudative Age-related macular degeneration (AMD)",,UNIVERSITY OF MARYLAND BALTIMORE,Jeffrey    Stern,2020,100000.0
SURMOUNTING WITHDRAWAL TO INITIATE FAST TREATMENT WITH NALTREXONE (CTN-0097). DSC5 CONTRACT. 09/20/2019 - 11/23/2021. N01DA-19-2250.,,"THE EMMES COMPANY, LLC",PAUL   VANVELDHUISEN,2019,1251569.0
"NIDA DATA, STATISTICS, AND CLINICAL TRIAL SUPPORT CENTER MANAGEMENT AND SUPPORT. 03/01/2020 - 02/28/2021. N01DA-19-2250. TASK ORDER 75N95020F00001 (TO",,"THE EMMES COMPANY, LLC",Paul   Vanveldhuisen,2021,549285.0
"NIDA DATA, STATISTICS, AND CLINICAL TRIAL SUPPORT CENTER MANAGEMENT AND SUPPORT. 03/01/2020 - 02/28/2021. N01DA-19-2250. TASK ORDER 75N95020F00001 (TO",,"THE EMMES COMPANY, LLC",Paul   Vanveldhuisen,2020,2113098.0
HIV VACCINE PRODUCTION,,UNIVERSITY OF MICHIGAN AT ANN ARBOR,ROBERT  GERARD,1999,200000.0
PROMOTING SCHOOL READINESS WITH PRESCHOOL CURRICULA: A MIXED-METHODS STUDY ,,UNIVERSITY OF CALIFORNIA-IRVINE,TUTRANG  NGUYEN,2016,25000.0
OPERATE THE DTP BIOLOGICAL DATA PROCESSING SYSTEM,,VALUE SYSTEMS ENGINEERING,WILLIAM  009 MILLER,1985,959999.0
VIBRIO SPECIES IN MARKET LEVEL SEAFOOD AND COASTAL WATERS IN PUERTO RICO,,INTER AMERICAN UNIVERSITY/PUERTO RICO,CARMEN A 0QUENDO,1991,
VIBRIO SPECIES IN MARKET LEVEL SEAFOOD AND COASTAL WATERS IN PUERTO RICO,,INTER AMERICAN UNIVERSITY/PUERTO RICO,CARMEN A 0QUENDO,1992,
COLONIC MOTOR SENSORY FUNCTION DURING HYPERVENTILATION,,MAYO CLINIC ROCHESTER,M  2CAMILLERI,1995,
CLINICAL STUDIES--DETECTION OF THE PRETHROMBOTIC STATE,,MASSACHUSETTS INSTITUTE OF TECHNOLOGY,KENNETH A ?BAUER,1991,
CLINICAL STUDIES--DETECTION OF THE PRETHROMBOTIC STATE,,MASSACHUSETTS INSTITUTE OF TECHNOLOGY,KENNETH A ?BAUER,1990,
HEALTH CAREERS OPPORTUNITY PROGRAM,,CHARLES R. DREW UNIVERSITY OF MED & SCI,HARRY  ?DOUGLAS,1993,
HEALTH CAREERS OPPORTUNITY PROGRAM,,CHARLES R. DREW UNIVERSITY OF MED & SCI,HARRY E III ?DOUGLAS,1994,
ANTI-THYMOCYTE GLOBULIN IN PROGRESSIVE SYSTEMIC SCLEROSIS,,MAYO CLINIC ROCHESTER,J J ?GORONZY,1993,
Structural and Cellular Biology of GPH Receptors,,WADSWORTH CENTER,DIAS JAMES A,2008,240467.0
Structural and Cellular Biology of GPH Receptors,,WADSWORTH CENTER,DIAS JAMES A,2009,244487.0
Structural and Cellular Biology of GPH Receptors,,WADSWORTH CENTER,DIAS JAMES A,2010,244674.0
The mechanistic study on irisin-mediated immune response and its role in adipose tissue dynamics,,DANA-FARBER CANCER INST,Mu  A,2026,150722.0
Elucidating novel molecular mechanisms of irisin-mediated effects via integrin,,DANA-FARBER CANCER INST,Mu  A,2023,71792.0
Elucidating novel molecular mechanisms of irisin-mediated effects via integrin,,DANA-FARBER CANCER INST,Mu  A,2022,67582.0
Elucidating novel molecular mechanisms of irisin-mediated effects via integrin,,DANA-FARBER CANCER INST,Mu  A,2024,56728.0
The mechanistic study on irisin-mediated immune response and its role in adipose tissue dynamics,,DANA-FARBER CANCER INST,Mu  A,2025,152454.0
EVALUATE EARLY VITRECTOMY IN DIABETIC RETINOPATHY,,MEDICAL COLLEGE OF WISCONSIN,T M AABERG,1985,0.0
EVALUATE EARLY VITRECTOMY IN DIABETIC RETINOPATHY,,MEDICAL COLLEGE OF WISCONSIN,T M AABERG,1985,12696.0
NEUROEXCITATORY CONTROL OF LUTEINIZING HORMONE RELEASING HORMONE SECRETION,,,JOHN W AACH,1996,
AIDS-RELATED CHANGES IN THE BLOOD-BRAIN BARRIER,,,JOHN W AACH,1996,
APOLIPOPROTEIN E PLAQUES & ASTROGLIOSIS IN TEMPORAL CORTEX,,,JOHN W AACH,1996,
PHOTOPERIOD & NEUROENDOCRINE CONTROL OF REPRODUCTIVE AXIS,,,JOHN W AACH,1996,
MATURATION & AGING OF MALE REPRODUCTIVE AXIS,,,JOHN W AACH,1996,
Pyroptotic Macrophages Traps Against Shigella Infection,,UNIV OF ARKANSAS FOR MED SCIS,Youssef  Aachoui,2023,229500.0
Mechanisms of Inflammasome Defense against Cytosol-invasive Bacteria,,UNIV OF ARKANSAS FOR MED SCIS,Youssef  Aachoui,2018,161175.0
Pyroptotic Macrophages Traps Against Shigella Infection,,UNIV OF ARKANSAS FOR MED SCIS,Youssef  Aachoui,2024,191250.0
Mechanisms of Inflammasome Defense against Cytosol-invasive Bacteria,,UNIV OF ARKANSAS FOR MED SCIS,Youssef  Aachoui,2019,108000.0
Study of the Cell-specific Inflammasome Responses During Defense Against Gram-negative Bacteria,,UNIV OF ARKANSAS FOR MED SCIS,Youssef  Aachoui,2021,323049.0
Study of the Cell-specific Inflammasome Responses During Defense Against Gram-negative Bacteria,,UNIV OF ARKANSAS FOR MED SCIS,Youssef  Aachoui,2020,250791.0
DDT-IST-000014: Progressing towards the Qualification Plan of AI-COA™ for Automated Depression and Anxiety Severity Measurement,,"DELIBERATE SOLUTIONS, INC.",Marc  Aafjes,2024,249366.0
Evolution of Abalone Egg Coat Proteins,,UNIVERSITY OF WASHINGTON,Jan E Aagaard,2007,49646.0
ABALONE EGG COAT PROTEINS,,UNIVERSITY OF WASHINGTON,Jan E Aagaard,2006,5990.0
ABALONE EGG COAT PROTEINS,,UNIVERSITY OF WASHINGTON,Jan E Aagaard,2008,21787.0
ABALONE EGG COAT PROTEINS,,UNIVERSITY OF WASHINGTON,Jan E Aagaard,2007,5572.0
ABALONE EGG COAT PROTEINS,,UNIVERSITY OF WASHINGTON,Jan E Aagaard,2010,1445.0
Conserved Fetal Epigenomic Signatures in a Primate Model of Maternal Obesity,,BAYLOR COLLEGE OF MEDICINE,Kjersti Marie Aagaard,2012,413167.0
Source of the Placental Microbiome,,BAYLOR COLLEGE OF MEDICINE,Kjersti Marie Aagaard,2017,706990.0
Conserved Fetal Epigenomic and Metagenomic Signatures in a Primate Model of Maternal Obesity,,BAYLOR COLLEGE OF MEDICINE,Kjersti Marie Aagaard,2018,659426.0
Conserved Fetal Epigenomic and Metagenomic Signatures in a Primate Model of Maternal Obesity,,BAYLOR COLLEGE OF MEDICINE,Kjersti Marie Aagaard,2019,653159.0
Conserved Fetal Epigenomic and Metagenomic Signatures in a Primate Model of Maternal Obesity,,BAYLOR COLLEGE OF MEDICINE,Kjersti Marie Aagaard,2017,664282.0
Conserved Fetal Epigenomic Signatures in a Primate Model of Maternal Obesity,,BAYLOR COLLEGE OF MEDICINE,Kjersti Marie Aagaard,2016,287212.0
Conserved Fetal Epigenomic Signatures in a Primate Model of Maternal Obesity,,BAYLOR COLLEGE OF MEDICINE,Kjersti Marie Aagaard,2013,3631.0
A Multi'omics Approach towards Deciphering the Influence of the Microbiome on Pre,,BAYLOR COLLEGE OF MEDICINE,Kjersti Marie Aagaard,2015,527051.0
A Multi'omics Approach towards Deciphering the Influence of the Microbiome on Pre,,BAYLOR COLLEGE OF MEDICINE,Kjersti Marie Aagaard,2013,560670.0
Source of the Placental Microbiome,,BAYLOR COLLEGE OF MEDICINE,Kjersti Marie Aagaard,2020,668167.0
A Multi'omics Approach towards Deciphering the Influence of the Microbiome on Pre,,BAYLOR COLLEGE OF MEDICINE,Kjersti Marie Aagaard,2017,544777.0
Metformin in Pregnancy: Fetal Consequences & Long-term Offspring Outcomes in a NHP Model,,BAYLOR COLLEGE OF MEDICINE,Kjersti Marie Aagaard,2023,1421433.0
Project 2: Investigating the role of PAH exposures associated with superfund site proximity in preterm birth etiology through placental transcriptomics and metagenomics,,BAYLOR COLLEGE OF MEDICINE,Kjersti Marie Aagaard,2024,351922.0
Conserved Fetal Epigenomic and Metagenomic Signatures in a Primate Model of Maternal Obesity,,BAYLOR COLLEGE OF MEDICINE,Kjersti Marie Aagaard,2020,645963.0
Impact of Hurricane Harvey on the Maternal and Infant Microbiome and Birth Outcomes,,BAYLOR COLLEGE OF MEDICINE,Kjersti Marie Aagaard,2018,233070.0
Source of the Placental Microbiome,,BAYLOR COLLEGE OF MEDICINE,Kjersti Marie Aagaard,2019,676772.0
Source of the Placental Microbiome,,BAYLOR COLLEGE OF MEDICINE,Kjersti Marie Aagaard,2018,684924.0
Source of the Placental Microbiome,,BAYLOR COLLEGE OF MEDICINE,Kjersti Marie Aagaard,2021,646028.0
Conserved Fetal Epigenomic Signatures in a Primate Model of Maternal Obesity,,BAYLOR COLLEGE OF MEDICINE,Kjersti Marie Aagaard,2014,411819.0
Characterization of the Fetal Primate Epigenome and Metabolome Under In Utero,,BAYLOR COLLEGE OF MEDICINE,Kjersti Marie Aagaard,2011,3916.0
A Multi'omics Approach towards Deciphering the Influence of the Microbiome on Pre,,BAYLOR COLLEGE OF MEDICINE,Kjersti Marie Aagaard,2014,539616.0
Conserved Fetal Epigenomic Signatures in a Primate Model of Maternal Obesity,,BAYLOR COLLEGE OF MEDICINE,Kjersti Marie Aagaard,2013,407084.0
Metformin in Pregnancy: Fetal Consequences & Long-term Offspring Outcomes in a NHP Model,,BAYLOR COLLEGE OF MEDICINE,Kjersti Marie Aagaard,2022,1457012.0
Longitudinal Neural Imaging and Functional Resilience After Hurricane Harvey,,BAYLOR COLLEGE OF MEDICINE,Kjersti Marie Aagaard,2020,802801.0
Project 2: Investigating the role of PAH exposures associated with superfund site proximity in preterm birth etiology through placental transcriptomics and metagenomics,,BAYLOR COLLEGE OF MEDICINE,Kjersti Marie Aagaard,2021,244676.0
Project 2: Investigating the role of PAH exposures associated with superfund site proximity in preterm birth etiology through placental transcriptomics and metagenomics,,BAYLOR COLLEGE OF MEDICINE,Kjersti Marie Aagaard,2020,268461.0
Project 2: Investigating the role of PAH exposures associated with superfund site proximity in preterm birth etiology through placental transcriptomics and metagenomics,,BAYLOR COLLEGE OF MEDICINE,Kjersti Marie Aagaard,2023,244676.0
Conserved Fetal Epigenomic Signatures in a Primate Model of Maternal Obesity,,BAYLOR COLLEGE OF MEDICINE,Kjersti Marie Aagaard,2015,323834.0
Metformin in Pregnancy: Fetal Consequences & Long-term Offspring Outcomes in a NHP Model,,BAYLOR COLLEGE OF MEDICINE,Kjersti Marie Aagaard,2021,1545947.0
Conserved Fetal Epigenomic and Metagenomic Signatures in a Primate Model of Maternal Obesity,,BAYLOR COLLEGE OF MEDICINE,Kjersti Marie Aagaard,2021,637564.0
Impact of Hurricane Harvey on the Maternal and Infant Microbiome and Birth Outcomes,,BAYLOR COLLEGE OF MEDICINE,Kjersti Marie Aagaard,2019,198125.0
A Multi'omics Approach towards Deciphering the Influence of the Microbiome on Pre,,BAYLOR COLLEGE OF MEDICINE,Kjersti Marie Aagaard,2016,545506.0
Project 2: Investigating the role of PAH exposures associated with superfund site proximity in preterm birth etiology through placental transcriptomics and metagenomics,,BAYLOR COLLEGE OF MEDICINE,Kjersti Marie Aagaard,2022,244676.0
Characterization of the Fetal Primate Epigenome and Metabolome Under In Utero,,BAYLOR COLLEGE OF MEDICINE,Kjersti Marie Aagaard,2007,2302500.0
PUBLIC EDUCATION,,UNIVERSITY OF COLORADO,LESLIE  AAHOLM,1985,
PUBLIC EDUCATION,,UNIVERSITY OF COLORADO,LESLIE  AAHOLM,1986,
PUBLIC EDUCATION,,UNIVERSITY OF COLORADO,LESLIE  AAHOLM,1987,
Novel Treatments for Ocular Surface Diseases,,UNIVERSITY OF ILLINOIS AT CHICAGO,Vinay  Aakalu,2019,373394.0
Study of Accessory Lacrimal Gland and Precursor Cell Biology,,UNIVERSITY OF ILLINOIS AT CHICAGO,Vinay  Aakalu,2017,236427.0
Cellular and Molecular Biology Core,,UNIVERSITY OF ILLINOIS AT CHICAGO,Vinay  Aakalu,2025,183746.0
Cellular and Molecular Biology Core,,UNIVERSITY OF ILLINOIS AT CHICAGO,Vinay  Aakalu,2024,183746.0
Cellular and Molecular Biology Core,,UNIVERSITY OF ILLINOIS AT CHICAGO,Vinay  Aakalu,2022,183746.0
Novel Treatments for Modulation of Innate Immunity in Veteran Related Eye Diseases,,JESSE BROWN VA MEDICAL CENTER,Vinay  Aakalu,2022,
Novel Treatments for Ocular Surface Diseases,,UNIVERSITY OF ILLINOIS AT CHICAGO,Vinay  Aakalu,2022,387758.0
Study of Accessory Lacrimal Gland and Precursor Cell Biology,,UNIVERSITY OF ILLINOIS AT CHICAGO,Vinay  Aakalu,2014,236427.0
Study of Accessory Lacrimal Gland and Precursor Cell Biology,,UNIVERSITY OF ILLINOIS AT CHICAGO,Vinay  Aakalu,2015,236427.0
Study of Accessory Lacrimal Gland and Precursor Cell Biology,,UNIVERSITY OF ILLINOIS AT CHICAGO,Vinay  Aakalu,2018,236427.0
Novel Treatments for Modulation of Innate Immunity in Veteran Related Eye Diseases,,JESSE BROWN VA MEDICAL CENTER,Vinay  Aakalu,2021,
Novel Treatments for Ocular Surface Diseases,,UNIVERSITY OF ILLINOIS AT CHICAGO,Vinay  Aakalu,2021,387757.0
Novel Treatments for Modulation of Innate Immunity in Veteran Related Eye Diseases,,JESSE BROWN VA MEDICAL CENTER,Vinay  Aakalu,2023,
Cellular and Molecular Biology Core,,UNIVERSITY OF ILLINOIS AT CHICAGO,Vinay  Aakalu,2021,183746.0
Novel Treatments for Ocular Surface Diseases,,UNIVERSITY OF ILLINOIS AT CHICAGO,Vinay  Aakalu,2020,399750.0
Novel Treatments for Modulation of Innate Immunity in Veteran Related Eye Diseases,,JESSE BROWN VA MEDICAL CENTER,Vinay  Aakalu,2020,
Novel Treatments for Modulation of Innate Immunity in Veteran Related Eye Diseases,,JESSE BROWN VA MEDICAL CENTER,Vinay  Aakalu,2019,
Cellular and Molecular Biology Core,,UNIVERSITY OF ILLINOIS AT CHICAGO,Vinay  Aakalu,2020,175425.0
Study of Accessory Lacrimal Gland and Precursor Cell Biology,,UNIVERSITY OF ILLINOIS AT CHICAGO,Vinay  Aakalu,2016,236427.0
